Time/us,Current/uA
-562.6,-1.3287659574468087
-562.12,-1.1200607902735562
-561.64,-1.1432492401215806
-561.1600000000001,-1.3751458966565349
-560.68,-1.0968693009118542
-560.2,-0.9113525835866261
-559.72,-1.0273009118541032
-559.2400000000001,-1.2128176291793313
-558.76,-1.3519574468085107
-558.2800000000001,-1.491094224924012
-557.8000000000001,-1.3751458966565349
-557.3199999999999,-1.5838541033434652
-556.84,-1.3287659574468087
-556.36,-1.3751458966565349
-555.88,-1.3983343465045592
-555.4,-1.6534224924012157
-554.9200000000001,-1.6070425531914894
-554.44,-1.5142826747720366
-553.96,-1.5142826747720366
-553.48,-1.5838541033434652
-553.0,-1.5374741641337388
-552.52,-1.4679057750759879
-552.04,-1.3751458966565349
-551.5600000000001,-1.5606626139817632
-551.08,-1.6302310030395133
-550.6,-1.6070425531914894
-550.12,-1.5374741641337388
-549.6400000000001,-1.6534224924012157
-549.16,-1.5606626139817632
-548.6800000000001,-1.3519574468085107
-548.2,-1.7229908814589667
-547.7199999999999,-1.5838541033434652
-547.24,-1.491094224924012
-546.76,-1.4215258358662612
-546.2800000000001,-1.3751458966565349
-545.8,-1.1896291793313072
-545.32,-1.0504924012158054
-544.84,-1.305577507598784
-544.36,-1.2591975683890577
-543.88,-1.3287659574468087
-543.4000000000001,-1.4679057750759879
-542.9200000000001,-1.3751458966565349
-542.4399999999999,-1.2360091185410331
-541.96,-1.2360091185410331
-541.48,-1.1664407294832828
-541.0,-1.305577507598784
-540.52,-1.0736808510638298
-540.0400000000001,-1.3519574468085107
-539.5600000000001,-1.1664407294832828
-539.08,-1.1200607902735562
-538.6,-1.1200607902735562
-538.12,-1.2360091185410331
-537.64,-1.2360091185410331
-537.16,-1.3751458966565349
-536.6800000000001,-1.2360091185410331
-536.1999999999999,-1.2128176291793313
-535.72,-1.4447142857142856
-535.24,-1.0736808510638298
-534.7600000000001,-1.0736808510638298
-534.28,-1.0273009118541032
-533.8000000000001,-1.1896291793313072
-533.32,-0.9577325227963528
-532.84,-1.2591975683890577
-532.36,-1.2128176291793313
-531.88,-1.2128176291793313
-531.4000000000001,-1.4215258358662612
-530.92,-1.1896291793313072
-530.44,-1.28238905775076
-529.96,-1.1664407294832828
-529.48,-1.1200607902735562
-529.0,-1.4215258358662612
-528.5200000000001,-1.2128176291793313
-528.0400000000001,-1.3519574468085107
-527.56,-1.305577507598784
-527.08,-1.2360091185410331
-526.6,-1.1664407294832828
-526.12,-1.1432492401215806
-525.64,-1.2360091185410331
-525.1600000000001,-1.0273009118541032
-524.68,-1.2128176291793313
-524.2,-1.0968693009118542
-523.72,-1.1200607902735562
-523.2400000000001,-1.3983343465045592
-522.76,-1.28238905775076
-522.28,-1.0736808510638298
-521.8000000000001,-1.0504924012158054
-521.3199999999999,-1.1200607902735562
-520.84,-1.1664407294832828
-520.36,-1.0968693009118542
-519.8800000000001,-1.305577507598784
-519.4,-0.8649726443768996
-518.9200000000001,-0.9113525835866261
-518.44,-1.3519574468085107
-517.96,-0.9809209726443767
-517.48,-1.305577507598784
-517.0,-1.2591975683890577
-516.52,-1.1664407294832828
-516.04,-1.28238905775076
-515.5600000000001,-1.1896291793313072
-515.08,-1.2360091185410331
-514.6,-0.9345440729483282
-514.12,-1.1664407294832828
-513.6400000000001,-1.1200607902735562
-513.16,-0.9345440729483282
-512.68,-1.004112462006079
-512.2,-1.1664407294832828
-511.72,-1.0968693009118542
-511.24,-1.305577507598784
-510.76,-1.5142826747720366
-510.28000000000003,-1.1664407294832828
-509.79999999999995,-1.4447142857142856
-509.32,-1.5374741641337388
-508.84000000000003,-1.3983343465045592
-508.36000000000007,-1.3751458966565349
-507.88,-1.28238905775076
-507.40000000000003,-1.3983343465045592
-506.9200000000001,-1.491094224924012
-506.44,-1.5374741641337388
-505.96000000000004,-1.4447142857142856
-505.4800000000001,-1.5606626139817632
-505.0,-1.4447142857142856
-504.52,-1.3983343465045592
-504.04,-1.305577507598784
-503.56000000000006,-1.4447142857142856
-503.08,-1.3751458966565349
-502.6,-1.5142826747720366
-502.12000000000006,-1.3751458966565349
-501.64,-1.6534224924012157
-501.16,-1.305577507598784
-500.68000000000006,-1.2128176291793313
-500.20000000000005,-1.3751458966565349
-499.71999999999997,-1.4679057750759879
-499.24,-1.3751458966565349
-498.76000000000005,-1.0968693009118542
-498.28,-1.2591975683890577
-497.8,-1.1896291793313072
-497.32000000000005,-1.4679057750759879
-496.84,-1.3519574468085107
-496.36,-1.3751458966565349
-495.88000000000005,-1.4447142857142856
-495.4000000000001,-1.305577507598784
-494.91999999999996,-1.3519574468085107
-494.44,-1.2360091185410331
-493.96000000000004,-1.2591975683890577
-493.47999999999996,-1.1432492401215806
-493.0,-1.2360091185410331
-492.52000000000004,-0.8649726443768996
-492.0400000000001,-1.0968693009118542
-491.56,-1.1664407294832828
-491.08000000000004,-1.3983343465045592
-490.6000000000001,-1.4215258358662612
-490.12,-1.1896291793313072
-489.64,-1.2360091185410331
-489.16,-1.4215258358662612
-488.68000000000006,-1.5142826747720366
-488.2,-1.3751458966565349
-487.72,-1.4215258358662612
-487.24000000000007,-1.5606626139817632
-486.76000000000005,-1.4679057750759879
-486.28000000000003,-1.4447142857142856
-485.80000000000007,-1.6534224924012157
-485.32000000000005,-1.6766109422492401
-484.84,-1.5142826747720366
-484.36,-1.6534224924012157
-483.88,-1.6534224924012157
-483.40000000000003,-1.5142826747720366
-482.92,-1.7229908814589667
-482.44,-1.6766109422492401
-481.96000000000004,-1.6766109422492401
-481.48,-1.6534224924012157
-481.00000000000006,-1.5606626139817632
-480.52000000000004,-1.3519574468085107
-480.04,-1.5606626139817632
-479.56,-1.6766109422492401
-479.08,-1.7229908814589667
-478.6,-1.6766109422492401
-478.12,-1.4447142857142856
-477.64000000000004,-1.6070425531914894
-477.16,-1.28238905775076
-476.68,-1.3983343465045592
-476.20000000000005,-1.3983343465045592
-475.72,-1.4447142857142856
-475.24000000000007,-1.6070425531914894
-474.76,-1.5838541033434652
-474.28000000000003,-1.3983343465045592
-473.8,-1.3751458966565349
-473.32,-1.5142826747720366
-472.84000000000003,-1.5374741641337388
-472.36,-1.2128176291793313
-471.88000000000005,-1.5142826747720366
-471.40000000000003,-1.491094224924012
-470.92,-1.5142826747720366
-470.44000000000005,-1.4679057750759879
-469.96000000000004,-1.7229908814589667
-469.48,-1.5606626139817632
-469.0,-1.5838541033434652
-468.52,-1.4447142857142856
-468.04,-1.4447142857142856
-467.56,-1.2360091185410331
-467.08000000000004,-1.4679057750759879
-466.6,-1.3983343465045592
-466.12000000000006,-1.3519574468085107
-465.64000000000004,-1.6302310030395133
-465.16,-1.491094224924012
-464.68,-1.5374741641337388
-464.2,-1.5838541033434652
-463.72,-1.7925592705167173
-463.24,-1.6302310030395133
-462.76,-1.4215258358662612
-462.28000000000003,-1.6534224924012157
-461.8,-1.4215258358662612
-461.32000000000005,-1.4679057750759879
-460.84000000000003,-1.5374741641337388
-460.36000000000007,-1.5838541033434652
-459.88000000000005,-1.5374741641337388
-459.4,-1.5374741641337388
-458.92,-1.3287659574468087
-458.44,-1.5606626139817632
-457.96000000000004,-1.5606626139817632
-457.48,-1.5142826747720366
-457.0,-1.7925592705167173
-456.52000000000004,-1.7693708206686931
-456.04,-1.6534224924012157
-455.56000000000006,-1.491094224924012
-455.08000000000004,-1.3519574468085107
-454.6,-1.3287659574468087
-454.12,-1.5142826747720366
-453.64,-1.4679057750759879
-453.16,-1.1432492401215806
-452.68,-1.1664407294832828
-452.20000000000005,-1.3287659574468087
-451.72,-1.5606626139817632
-451.24,-1.5374741641337388
-450.76000000000005,-1.2360091185410331
-450.28000000000003,-1.3287659574468087
-449.8,-1.305577507598784
-449.32,-1.3983343465045592
-448.84000000000003,-1.4447142857142856
-448.36,-1.3751458966565349
-447.88,-1.2591975683890577
-447.40000000000003,-1.4215258358662612
-446.92,-1.1896291793313072
-446.44000000000005,-1.305577507598784
-445.96000000000004,-1.4215258358662612
-445.48,-1.2360091185410331
-445.00000000000006,-1.4447142857142856
-444.52,-1.491094224924012
-444.04,-1.3287659574468087
-443.56,-1.491094224924012
-443.08000000000004,-1.2360091185410331
-442.6,-1.2360091185410331
-442.12,-1.004112462006079
-441.64000000000004,-1.2591975683890577
-441.16,-1.28238905775076
-440.68000000000006,-1.5142826747720366
-440.20000000000005,-1.491094224924012
-439.72,-1.5142826747720366
-439.24,-1.2128176291793313
-438.76,-1.3751458966565349
-438.28000000000003,-0.9809209726443767
-437.8,-1.28238905775076
-437.32,-1.2360091185410331
-436.84000000000003,-1.3751458966565349
-436.36,-1.0968693009118542
-435.88000000000005,-1.28238905775076
-435.40000000000003,-1.0273009118541032
-434.9200000000001,-1.0968693009118542
-434.44,-1.3287659574468087
-433.96,-1.28238905775076
-433.48,-1.4447142857142856
-433.0,-1.1664407294832828
-432.52000000000004,-1.5838541033434652
-432.04,-1.5838541033434652
-431.56,-1.4447142857142856
-431.08000000000004,-1.3751458966565349
-430.6,-1.3983343465045592
-430.12000000000006,-1.3287659574468087
-429.64000000000004,-1.1896291793313072
-429.16,-1.1896291793313072
-428.68,-1.3287659574468087
-428.2,-1.305577507598784
-427.72,-1.1432492401215806
-427.24,-1.0968693009118542
-426.76000000000005,-1.0968693009118542
-426.28000000000003,-1.28238905775076
-425.8,-1.28238905775076
-425.32000000000005,-1.305577507598784
-424.84000000000003,-1.0968693009118542
-424.36,-1.28238905775076
-423.88,-1.305577507598784
-423.40000000000003,-1.305577507598784
-422.92,-1.491094224924012
-422.44,-1.1200607902735562
-421.96000000000004,-1.2591975683890577
-421.48,-0.8185957446808511
-421.00000000000006,-1.2591975683890577
-420.52000000000004,-0.7954042553191489
-420.04,-1.0736808510638298
-419.56000000000006,-1.3983343465045592
-419.08,-1.3519574468085107
-418.6,-1.305577507598784
-418.12,-0.9113525835866261
-417.64000000000004,-1.1664407294832828
-417.16,-1.2360091185410331
-416.68,-1.1896291793313072
-416.20000000000005,-0.9809209726443767
-415.72,-1.0273009118541032
-415.24000000000007,-1.305577507598784
-414.76000000000005,-1.1200607902735562
-414.28,-1.491094224924012
-413.8,-1.4215258358662612
-413.32,-1.1200607902735562
-412.84000000000003,-1.3751458966565349
-412.36,-1.1664407294832828
-411.88,-0.9113525835866261
-411.40000000000003,-1.0968693009118542
-410.92,-1.004112462006079
-410.44000000000005,-1.0968693009118542
-409.96000000000004,-1.1664407294832828
-409.48,-1.4679057750759879
-409.0,-1.2591975683890577
-408.52,-1.1432492401215806
-408.04,-1.0968693009118542
-407.56,-0.9577325227963528
-407.08000000000004,-1.004112462006079
-406.6,-1.305577507598784
-406.12,-1.0968693009118542
-405.64000000000004,-1.1896291793313072
-405.16,-1.2360091185410331
-404.68000000000006,-1.305577507598784
-404.2,-1.305577507598784
-403.72,-1.3519574468085107
-403.24,-1.3751458966565349
-402.76,-1.2128176291793313
-402.28000000000003,-1.2360091185410331
-401.8,-1.305577507598784
-401.32000000000005,-1.0736808510638298
-400.84000000000003,-1.3519574468085107
-400.36,-1.3751458966565349
-399.88000000000005,-1.3751458966565349
-399.40000000000003,-1.4447142857142856
-398.92,-1.1664407294832828
-398.44,-1.2360091185410331
-397.96000000000004,-1.0968693009118542
-397.48,-1.0736808510638298
-397.0,-1.3983343465045592
-396.52000000000004,-1.4447142857142856
-396.04,-1.305577507598784
-395.56000000000006,-1.305577507598784
-395.08000000000004,-1.1896291793313072
-394.6,-1.3287659574468087
-394.12,-1.4215258358662612
-393.64,-1.3519574468085107
-393.16,-1.4447142857142856
-392.68,-1.1664407294832828
-392.20000000000005,-1.0968693009118542
-391.72,-0.8649726443768996
-391.24,-1.2360091185410331
-390.76000000000005,-1.28238905775076
-390.28000000000003,-1.1664407294832828
-389.80000000000007,-1.3751458966565349
-389.32000000000005,-1.2591975683890577
-388.84,-1.0273009118541032
-388.36,-0.8881641337386017
-387.88,-1.0273009118541032
-387.40000000000003,-1.1200607902735562
-386.92,-1.0968693009118542
-386.44,-1.28238905775076
-385.96000000000004,-1.28238905775076
-385.48,-1.1896291793313072
-385.00000000000006,-1.3751458966565349
-384.52000000000004,-1.305577507598784
-384.04,-1.0968693009118542
-383.56,-1.1200607902735562
-383.08,-1.305577507598784
-382.6,-1.4215258358662612
-382.12,-1.0968693009118542
-381.64000000000004,-1.5838541033434652
-381.16,-1.5838541033434652
-380.68,-1.5142826747720366
-380.20000000000005,-1.5838541033434652
-379.72,-1.5838541033434652
-379.24000000000007,-1.3983343465045592
-378.76,-1.4447142857142856
-378.28000000000003,-1.305577507598784
-377.8,-1.1896291793313072
-377.32,-1.305577507598784
-376.84000000000003,-1.4447142857142856
-376.36,-1.1432492401215806
-375.88000000000005,-1.3983343465045592
-375.40000000000003,-1.6534224924012157
-374.92,-1.4447142857142856
-374.44000000000005,-1.5838541033434652
-373.96,-1.3983343465045592
-373.48,-1.4679057750759879
-373.0,-1.5838541033434652
-372.52000000000004,-1.7229908814589667
-372.04,-1.4447142857142856
-371.56,-1.305577507598784
-371.08000000000004,-1.5142826747720366
-370.6,-1.4447142857142856
-370.12000000000006,-1.28238905775076
-369.64000000000004,-1.0968693009118542
-369.16,-1.2591975683890577
-368.68,-1.2591975683890577
-368.2,-0.9577325227963528
-367.72,-1.2591975683890577
-367.24,-1.0736808510638298
-366.76000000000005,-0.9113525835866261
-366.28000000000003,-1.0968693009118542
-365.8,-1.0504924012158054
-365.32000000000005,-1.28238905775076
-364.84000000000003,-1.0736808510638298
-364.36000000000007,-1.305577507598784
-363.88,-0.9113525835866261
-363.4,-1.1200607902735562
-362.92,-1.3287659574468087
-362.44,-1.2128176291793313
-361.96000000000004,-1.1664407294832828
-361.48,-1.1432492401215806
-361.00000000000006,-1.1664407294832828
-360.52000000000004,-1.0736808510638298
-360.04,-1.0736808510638298
-359.56000000000006,-1.4679057750759879
-359.08000000000004,-1.2360091185410331
-358.6,-1.491094224924012
-358.12,-1.3751458966565349
-357.64,-1.7229908814589667
-357.16,-1.3287659574468087
-356.68,-1.491094224924012
-356.20000000000005,-1.4215258358662612
-355.72,-1.3751458966565349
-355.24,-1.3287659574468087
-354.76000000000005,-1.3751458966565349
-354.28000000000003,-1.5838541033434652
-353.8,-1.6070425531914894
-353.32,-1.862127659574468
-352.84000000000003,-1.5142826747720366
-352.36,-1.5142826747720366
-351.88,-1.7229908814589667
-351.40000000000003,-1.5142826747720366
-350.92,-1.5142826747720366
-350.44000000000005,-1.6998024316109424
-349.96000000000004,-1.4215258358662612
-349.48,-1.2128176291793313
-349.00000000000006,-1.4679057750759879
-348.52,-1.3287659574468087
-348.04,-1.1200607902735562
-347.56,-1.3751458966565349
-347.08000000000004,-1.2128176291793313
-346.6,-0.8881641337386017
-346.12,-1.3519574468085107
-345.64000000000004,-1.4679057750759879
-345.16,-1.28238905775076
-344.68000000000006,-1.4447142857142856
-344.20000000000005,-1.3983343465045592
-343.71999999999997,-1.6766109422492401
-343.24,-1.5606626139817632
-342.76,-1.4447142857142856
-342.28000000000003,-1.3287659574468087
-341.8,-1.2591975683890577
-341.32000000000005,-1.1200607902735562
-340.84000000000003,-1.5142826747720366
-340.36,-1.5374741641337388
-339.88000000000005,-1.6070425531914894
-339.40000000000003,-1.6070425531914894
-338.92,-1.4447142857142856
-338.44,-1.3983343465045592
-337.96,-1.4447142857142856
-337.48,-1.305577507598784
-337.0,-1.3983343465045592
-336.52000000000004,-1.305577507598784
-336.04,-1.4215258358662612
-335.56000000000006,-1.305577507598784
-335.08000000000004,-1.3519574468085107
-334.6,-1.3751458966565349
-334.12000000000006,-1.2591975683890577
-333.64,-1.2591975683890577
-333.16,-1.2360091185410331
-332.68,-1.305577507598784
-332.2,-1.0504924012158054
-331.72,-1.1664407294832828
-331.24,-0.9809209726443767
-330.76000000000005,-1.2591975683890577
-330.28000000000003,-1.1896291793313072
-329.8,-1.2128176291793313
-329.32000000000005,-1.3983343465045592
-328.84000000000003,-1.4679057750759879
-328.36,-1.3287659574468087
-327.88,-1.4447142857142856
-327.40000000000003,-1.4215258358662612
-326.92,-1.4215258358662612
-326.44,-1.305577507598784
-325.96000000000004,-1.1432492401215806
-325.48,-1.305577507598784
-325.00000000000006,-1.004112462006079
-324.52000000000004,-1.2591975683890577
-324.04,-1.3751458966565349
-323.56,-1.0968693009118542
-323.08,-1.0736808510638298
-322.6,-1.305577507598784
-322.12,-1.2591975683890577
-321.64000000000004,-1.1200607902735562
-321.16,-1.3751458966565349
-320.68,-1.1664407294832828
-320.20000000000005,-1.2128176291793313
-319.72,-1.4447142857142856
-319.24000000000007,-1.1896291793313072
-318.76000000000005,-1.3751458966565349
-318.28,-1.2591975683890577
-317.8,-1.1432492401215806
-317.32,-1.1200607902735562
-316.84000000000003,-1.2360091185410331
-316.36,-1.305577507598784
-315.88000000000005,-1.1200607902735562
-315.40000000000003,-1.4447142857142856
-314.92,-1.28238905775076
-314.44000000000005,-1.4679057750759879
-313.96000000000004,-1.1432492401215806
-313.48,-1.0504924012158054
-313.0,-1.2128176291793313
-312.52,-1.2591975683890577
-312.04,-1.6766109422492401
-311.56,-1.1432492401215806
-311.08000000000004,-1.6302310030395133
-310.6,-1.1432492401215806
-310.12000000000006,-1.2128176291793313
-309.64000000000004,-1.2591975683890577
-309.16,-1.3287659574468087
-308.68000000000006,-1.2360091185410331
-308.2,-1.1664407294832828
-307.72,-1.0736808510638298
-307.24,-1.0504924012158054
-306.76,-1.2128176291793313
-306.28000000000003,-1.0504924012158054
-305.8,-1.0968693009118542
-305.32000000000005,-0.9345440729483282
-304.84000000000003,-0.8185957446808511
-304.36000000000007,-0.8417841945288754
-303.88000000000005,-1.004112462006079
-303.4,-0.9577325227963528
-302.92,-0.9345440729483282
-302.44,-1.0273009118541032
-301.96000000000004,-0.9577325227963528
-301.48,-0.8185957446808511
-301.0,-0.9345440729483282
-300.52000000000004,-1.1432492401215806
-300.04,-1.1200607902735562
-299.56000000000006,-0.9809209726443767
-299.08000000000004,-1.0273009118541032
-298.6,-1.004112462006079
-298.12,-1.1664407294832828
-297.64,-1.0968693009118542
-297.16,-1.2360091185410331
-296.68,-1.4215258358662612
-296.20000000000005,-1.2591975683890577
-295.72,-1.1432492401215806
-295.24,-1.2128176291793313
-294.76000000000005,-1.1432492401215806
-294.28000000000003,-1.1432492401215806
-293.80000000000007,-1.0504924012158054
-293.32,-1.2128176291793313
-292.84,-1.1200607902735562
-292.36,-1.0736808510638298
-291.88,-1.1896291793313072
-291.40000000000003,-1.0736808510638298
-290.92,-1.2360091185410331
-290.44000000000005,-1.2591975683890577
-289.96000000000004,-1.28238905775076
-289.48,-1.2360091185410331
-289.00000000000006,-1.3287659574468087
-288.52000000000004,-1.1432492401215806
-288.04,-1.1432492401215806
-287.56,-1.2591975683890577
-287.08,-1.0968693009118542
-286.6,-1.1432492401215806
-286.12,-1.1664407294832828
-285.64000000000004,-1.1896291793313072
-285.16,-1.0968693009118542
-284.68000000000006,-0.9577325227963528
-284.20000000000005,-1.0504924012158054
-283.72,-1.0736808510638298
-283.24,-1.0968693009118542
-282.76,-0.9577325227963528
-282.28000000000003,-1.0968693009118542
-281.8,-1.2360091185410331
-281.32,-1.1432492401215806
-280.84000000000003,-0.8185957446808511
-280.36,-1.1200607902735562
-279.88000000000005,-1.3287659574468087
-279.40000000000003,-1.5142826747720366
-278.9200000000001,-1.4215258358662612
-278.44000000000005,-1.0504924012158054
-277.96,-1.004112462006079
-277.48,-1.0968693009118542
-277.0,-1.1200607902735562
-276.52000000000004,-0.9577325227963528
-276.04,-1.1432492401215806
-275.56,-1.0968693009118542
-275.08000000000004,-1.004112462006079
-274.6,-1.1432492401215806
-274.12000000000006,-1.1432492401215806
-273.64000000000004,-1.2360091185410331
-273.15999999999997,-1.1200607902735562
-272.68,-1.1432492401215806
-272.2,-1.3519574468085107
-271.72,-1.0736808510638298
-271.24,-0.9809209726443767
-270.76000000000005,-1.1432492401215806
-270.28000000000003,-1.305577507598784
-269.8,-1.0273009118541032
-269.32000000000005,-1.1664407294832828
-268.84000000000003,-1.004112462006079
-268.36,-1.0504924012158054
-267.88,-1.1432492401215806
-267.4,-1.0968693009118542
-266.92,-1.2360091185410331
-266.44,-1.004112462006079
-265.96000000000004,-1.0273009118541032
-265.48,-1.305577507598784
-265.00000000000006,-0.9345440729483282
-264.52000000000004,-1.1432492401215806
-264.04,-1.1896291793313072
-263.56000000000006,-1.0273009118541032
-263.08,-1.305577507598784
-262.6,-1.1664407294832828
-262.12,-1.4447142857142856
-261.64,-1.1664407294832828
-261.16,-1.1664407294832828
-260.68,-1.305577507598784
-260.20000000000005,-1.1664407294832828
-259.72,-1.305577507598784
-259.24000000000007,-1.1664407294832828
-258.76000000000005,-1.3287659574468087
-258.28000000000003,-1.0968693009118542
-257.8,-1.1200607902735562
-257.32,-0.9113525835866261
-256.84000000000003,-1.1896291793313072
-256.36,-1.2360091185410331
-255.87999999999997,-1.4447142857142856
-255.4,-1.3519574468085107
-254.92,-1.3751458966565349
-254.44,-1.5606626139817632
-253.95999999999998,-1.0968693009118542
-253.48000000000002,-1.2128176291793313
-253.0,-1.3751458966565349
-252.51999999999998,-1.305577507598784
-252.04000000000002,-1.4679057750759879
-251.55999999999997,-1.3751458966565349
-251.08,-1.3751458966565349
-250.6,-1.4215258358662612
-250.11999999999998,-1.3751458966565349
-249.64000000000001,-1.2360091185410331
-249.15999999999997,-0.9577325227963528
-248.68,-1.1200607902735562
-248.2,-1.1664407294832828
-247.71999999999997,-1.305577507598784
-247.24,-1.2591975683890577
-246.75999999999996,-1.2591975683890577
-246.28,-1.2360091185410331
-245.79999999999998,-1.2360091185410331
-245.32000000000002,-1.0273009118541032
-244.84,-1.0968693009118542
-244.35999999999999,-1.0504924012158054
-243.88,-1.2591975683890577
-243.39999999999998,-1.0968693009118542
-242.92000000000002,-1.2128176291793313
-242.44,-1.2128176291793313
-241.96,-1.1200607902735562
-241.48,-0.9577325227963528
-241.0,-0.9577325227963528
-240.51999999999998,-1.2360091185410331
-240.04,-1.3287659574468087
-239.56,-1.0273009118541032
-239.07999999999998,-1.0968693009118542
-238.6,-1.4447142857142856
-238.12,-1.3287659574468087
-237.64,-1.1664407294832828
-237.16,-1.4447142857142856
-236.67999999999998,-1.1896291793313072
-236.2,-1.1896291793313072
-235.72,-1.2591975683890577
-235.24,-1.0504924012158054
-234.76,-1.305577507598784
-234.28,-1.28238905775076
-233.79999999999998,-1.28238905775076
-233.32,-1.3287659574468087
-232.84,-1.4215258358662612
-232.36,-1.3287659574468087
-231.88,-1.3519574468085107
-231.39999999999998,-1.3287659574468087
-230.92,-1.2360091185410331
-230.44,-1.3519574468085107
-229.96,-1.1896291793313072
-229.48000000000002,-1.1664407294832828
-228.99999999999997,-1.3519574468085107
-228.51999999999998,-1.2591975683890577
-228.04,-1.5838541033434652
-227.56,-1.6534224924012157
-227.08,-1.5838541033434652
-226.6,-1.3751458966565349
-226.11999999999998,-1.3983343465045592
-225.64,-1.3519574468085107
-225.16,-1.3519574468085107
-224.68,-1.5374741641337388
-224.2,-1.3983343465045592
-223.72,-1.2128176291793313
-223.23999999999998,-1.2360091185410331
-222.76,-1.3287659574468087
-222.28,-1.2360091185410331
-221.8,-1.28238905775076
-221.32,-1.1896291793313072
-220.84,-1.2128176291793313
-220.35999999999999,-1.2360091185410331
-219.88,-1.1200607902735562
-219.4,-1.2360091185410331
-218.92,-1.1664407294832828
-218.44,-1.1664407294832828
-217.95999999999998,-1.1664407294832828
-217.48,-1.0273009118541032
-217.0,-1.1896291793313072
-216.51999999999998,-1.2591975683890577
-216.04,-1.1200607902735562
-215.56,-1.1200607902735562
-215.07999999999998,-1.4215258358662612
-214.6,-1.3751458966565349
-214.12,-1.491094224924012
-213.64,-1.5142826747720366
-213.16,-1.2591975683890577
-212.68,-1.4215258358662612
-212.2,-1.491094224924012
-211.72,-1.4679057750759879
-211.23999999999998,-1.3983343465045592
-210.76,-1.5142826747720366
-210.28,-1.2591975683890577
-209.8,-1.3751458966565349
-209.32,-1.5142826747720366
-208.83999999999997,-1.6998024316109424
-208.35999999999999,-1.746179331306991
-207.88,-1.746179331306991
-207.4,-1.491094224924012
-206.92000000000002,-1.5606626139817632
-206.43999999999997,-1.6766109422492401
-205.95999999999998,-1.5838541033434652
-205.48,-1.5838541033434652
-205.0,-1.4447142857142856
-204.52,-1.5838541033434652
-204.04,-1.5606626139817632
-203.55999999999997,-1.2360091185410331
-203.07999999999998,-1.3287659574468087
-202.6,-1.4679057750759879
-202.12,-1.491094224924012
-201.64000000000001,-1.5142826747720366
-201.16,-1.4447142857142856
-200.67999999999998,-1.4447142857142856
-200.2,-1.491094224924012
-199.72,-1.4447142857142856
-199.24,-1.4447142857142856
-198.76,-1.0736808510638298
-198.28,-1.4447142857142856
-197.79999999999998,-1.3519574468085107
-197.32,-1.0968693009118542
-196.84,-1.5142826747720366
-196.35999999999999,-1.4215258358662612
-195.88,-1.1664407294832828
-195.4,-1.2360091185410331
-194.92,-1.2128176291793313
-194.44,-1.305577507598784
-193.96,-0.9577325227963528
-193.48,-1.2360091185410331
-193.0,-1.1432492401215806
-192.51999999999998,-1.004112462006079
-192.04,-1.1432492401215806
-191.56,-1.1664407294832828
-191.07999999999998,-1.2360091185410331
-190.6,-1.2360091185410331
-190.12,-1.5374741641337388
-189.64,-1.3751458966565349
-189.16,-0.9809209726443767
-188.67999999999998,-1.0736808510638298
-188.2,-1.1896291793313072
-187.72,-1.3287659574468087
-187.24,-1.1896291793313072
-186.76,-1.491094224924012
-186.27999999999997,-1.746179331306991
-185.79999999999998,-1.3983343465045592
-185.32,-1.3983343465045592
-184.84,-1.2591975683890577
-184.36,-1.1664407294832828
-183.88,-1.3751458966565349
-183.39999999999998,-1.0504924012158054
-182.92,-1.3287659574468087
-182.44,-1.2360091185410331
-181.96,-1.3983343465045592
-181.48000000000002,-1.2591975683890577
-180.99999999999997,-1.491094224924012
-180.51999999999998,-1.1664407294832828
-180.04,-1.28238905775076
-179.56,-1.4215258358662612
-179.08,-1.4215258358662612
-178.6,-1.305577507598784
-178.11999999999998,-1.3519574468085107
-177.64,-1.0504924012158054
-177.16,-1.1664407294832828
-176.68,-1.0968693009118542
-176.2,-1.28238905775076
-175.72,-1.0736808510638298
-175.23999999999998,-1.1432492401215806
-174.76,-1.2128176291793313
-174.28,-1.2591975683890577
-173.8,-1.0273009118541032
-173.32,-1.1200607902735562
-172.84,-1.0273009118541032
-172.35999999999999,-0.9809209726443767
-171.88,-1.0504924012158054
-171.4,-0.9113525835866261
-170.92,-1.3751458966565349
-170.44,-1.2591975683890577
-169.96,-1.1664407294832828
-169.48,-1.1664407294832828
-169.0,-1.1432492401215806
-168.51999999999998,-1.0968693009118542
-168.04,-1.0504924012158054
-167.56,-1.0273009118541032
-167.08,-1.0968693009118542
-166.6,-1.0736808510638298
-166.11999999999998,-1.28238905775076
-165.64,-1.3983343465045592
-165.16,-1.0273009118541032
-164.68,-1.1432492401215806
-164.2,-1.2360091185410331
-163.72,-1.1664407294832828
-163.23999999999998,-1.0968693009118542
-162.76,-1.2128176291793313
-162.28,-1.2360091185410331
-161.8,-0.9345440729483282
-161.32,-1.0273009118541032
-160.83999999999997,-1.305577507598784
-160.35999999999999,-1.1664407294832828
-159.88,-1.28238905775076
-159.4,-1.1896291793313072
-158.92000000000002,-1.1664407294832828
-158.43999999999997,-1.3519574468085107
-157.95999999999998,-1.3751458966565349
-157.48,-1.2128176291793313
-157.0,-1.5142826747720366
-156.52,-1.2128176291793313
-156.04,-1.1896291793313072
-155.55999999999997,-1.2591975683890577
-155.07999999999998,-1.1664407294832828
-154.6,-1.0968693009118542
-154.12,-1.3519574468085107
-153.64000000000001,-1.0968693009118542
-153.16,-1.1896291793313072
-152.67999999999998,-1.1664407294832828
-152.2,-1.3287659574468087
-151.72,-1.1664407294832828
-151.24,-1.2360091185410331
-150.76,-0.8417841945288754
-150.28,-1.1432492401215806
-149.79999999999998,-1.0736808510638298
-149.32,-0.9345440729483282
-148.84,-1.1664407294832828
-148.35999999999999,-1.1664407294832828
-147.88,-1.1200607902735562
-147.4,-1.0736808510638298
-146.92,-1.305577507598784
-146.44,-1.2360091185410331
-145.95999999999998,-1.2591975683890577
-145.48,-1.1432492401215806
-145.0,-1.1896291793313072
-144.52,-1.4447142857142856
-144.04,-1.2360091185410331
-143.56,-1.3751458966565349
-143.07999999999998,-1.305577507598784
-142.6,-1.28238905775076
-142.12,-1.3287659574468087
-141.64000000000001,-1.3519574468085107
-141.16,-1.3751458966565349
-140.67999999999998,-1.3519574468085107
-140.2,-1.305577507598784
-139.72,-1.5142826747720366
-139.24,-1.3751458966565349
-138.76000000000002,-1.3983343465045592
-138.27999999999997,-1.2360091185410331
-137.79999999999998,-1.4215258358662612
-137.32,-1.5142826747720366
-136.84,-1.4215258358662612
-136.36,-1.3287659574468087
-135.87999999999997,-1.2360091185410331
-135.39999999999998,-1.3287659574468087
-134.92,-1.28238905775076
-134.44,-1.1200607902735562
-133.96,-1.3519574468085107
-133.48,-1.1432492401215806
-132.99999999999997,-0.9809209726443767
-132.51999999999998,-1.1896291793313072
-132.04,-1.2591975683890577
-131.56,-1.3287659574468087
-131.08,-1.2128176291793313
-130.6,-1.3287659574468087
-130.11999999999998,-1.4447142857142856
-129.64,-1.6534224924012157
-129.16,-1.5142826747720366
-128.68,-1.2360091185410331
-128.2,-1.28238905775076
-127.72,-1.1432492401215806
-127.23999999999998,-1.004112462006079
-126.75999999999999,-1.3519574468085107
-126.27999999999999,-1.3519574468085107
-125.8,-1.5374741641337388
-125.32000000000001,-1.5606626139817632
-124.84,-1.746179331306991
-124.35999999999999,-1.4679057750759879
-123.87999999999998,-1.6534224924012157
-123.39999999999999,-1.3287659574468087
-122.92,-1.3519574468085107
-122.44,-1.2128176291793313
-121.96000000000001,-1.2360091185410331
-121.47999999999999,-1.305577507598784
-120.99999999999999,-1.4447142857142856
-120.52,-1.1664407294832828
-120.03999999999999,-1.3287659574468087
-119.55999999999999,-1.305577507598784
-119.08,-1.3751458966565349
-118.6,-1.2128176291793313
-118.11999999999999,-1.0504924012158054
-117.63999999999999,-1.2128176291793313
-117.16,-1.3983343465045592
-116.67999999999999,-1.6766109422492401
-116.19999999999999,-1.28238905775076
-115.72,-1.1432492401215806
-115.24,-1.2591975683890577
-114.75999999999999,-1.3287659574468087
-114.28,-1.1432492401215806
-113.79999999999998,-1.1896291793313072
-113.32,-1.0968693009118542
-112.84,-1.1200607902735562
-112.35999999999999,-1.305577507598784
-111.88,-1.3287659574468087
-111.39999999999999,-1.1896291793313072
-110.91999999999999,-1.2128176291793313
-110.44,-1.2360091185410331
-109.96,-1.1896291793313072
-109.47999999999999,-1.0968693009118542
-109.0,-1.305577507598784
-108.52,-1.1200607902735562
-108.03999999999999,-1.2128176291793313
-107.55999999999999,-1.2360091185410331
-107.08,-1.305577507598784
-106.6,-1.3519574468085107
-106.11999999999999,-1.3519574468085107
-105.64,-1.1664407294832828
-105.16,-1.3751458966565349
-104.67999999999999,-1.4447142857142856
-104.2,-1.1896291793313072
-103.71999999999998,-1.3519574468085107
-103.24,-1.3519574468085107
-102.76,-1.5142826747720366
-102.27999999999999,-1.305577507598784
-101.8,-1.3287659574468087
-101.32,-1.28238905775076
-100.83999999999999,-1.305577507598784
-100.36,-1.2128176291793313
-99.88,-0.9577325227963528
-99.39999999999999,-1.305577507598784
-98.92,-1.28238905775076
-98.44,-1.3751458966565349
-97.96,-1.1200607902735562
-97.47999999999999,-1.2128176291793313
-97.0,-1.1432492401215806
-96.52,-1.5838541033434652
-96.03999999999999,-1.1432492401215806
-95.55999999999999,-1.2360091185410331
-95.08,-1.4215258358662612
-94.6,-1.1664407294832828
-94.11999999999999,-1.2360091185410331
-93.63999999999999,-1.2128176291793313
-93.16,-1.1896291793313072
-92.67999999999999,-1.0968693009118542
-92.19999999999999,-1.3983343465045592
-91.72,-1.1432492401215806
-91.24,-1.2128176291793313
-90.75999999999999,-1.1200607902735562
-90.28,-1.0273009118541032
-89.79999999999998,-0.8881641337386017
-89.32,-1.0504924012158054
-88.84,-1.0273009118541032
-88.35999999999999,-1.1664407294832828
-87.88,-1.2128176291793313
-87.39999999999999,-1.4447142857142856
-86.91999999999999,-1.4447142857142856
-86.44,-1.4447142857142856
-85.96,-1.2360091185410331
-85.47999999999999,-1.3287659574468087
-85.0,-1.0736808510638298
-84.52,-1.4215258358662612
-84.03999999999999,-1.3287659574468087
-83.55999999999999,-1.6070425531914894
-83.08,-1.4447142857142856
-82.6,-1.3983343465045592
-82.11999999999999,-1.4447142857142856
-81.64,-1.305577507598784
-81.16,-1.4447142857142856
-80.67999999999999,-1.3287659574468087
-80.2,-1.4447142857142856
-79.71999999999998,-1.5142826747720366
-79.24,-1.28238905775076
-78.76,-1.491094224924012
-78.27999999999999,-1.6534224924012157
-77.8,-1.5606626139817632
-77.32,-1.3983343465045592
-76.83999999999999,-1.5142826747720366
-76.36,-1.305577507598784
-75.88,-1.4215258358662612
-75.39999999999999,-1.28238905775076
-74.92,-1.2591975683890577
-74.44,-1.2128176291793313
-73.96,-1.2360091185410331
-73.47999999999999,-1.4215258358662612
-73.0,-1.0504924012158054
-72.52,-1.0273009118541032
-72.03999999999999,-1.2128176291793313
-71.56,-1.1896291793313072
-71.08,-1.0736808510638298
-70.6,-1.305577507598784
-70.12,-1.28238905775076
-69.63999999999999,-1.1896291793313072
-69.16,-1.1664407294832828
-68.68,-1.1432492401215806
-68.19999999999999,-1.305577507598784
-67.72,-1.1896291793313072
-67.23999999999998,-1.2128176291793313
-66.75999999999999,-0.9577325227963528
-66.28,-1.1664407294832828
-65.79999999999998,-1.28238905775076
-65.32,-1.1200607902735562
-64.84,-1.305577507598784
-64.35999999999999,-1.3983343465045592
-63.88,-1.4447142857142856
-63.4,-1.3287659574468087
-62.919999999999995,-1.5142826747720366
-62.44,-1.491094224924012
-61.96000000000001,-1.4447142857142856
-61.48,-1.305577507598784
-61.0,-1.4679057750759879
-60.52,-1.3983343465045592
-60.04,-1.28238905775076
-59.56,-1.5142826747720366
-59.08,-1.4447142857142856
-58.6,-1.2128176291793313
-58.12,-1.305577507598784
-57.64,-1.5838541033434652
-57.160000000000004,-1.2128176291793313
-56.68,-1.1896291793313072
-56.199999999999996,-1.3751458966565349
-55.720000000000006,-1.3519574468085107
-55.24,-1.3287659574468087
-54.76,-1.3751458966565349
-54.28,-1.3287659574468087
-53.800000000000004,-1.4215258358662612
-53.32,-1.6070425531914894
-52.84,-1.3287659574468087
-52.36,-1.3751458966565349
-51.88,-1.4447142857142856
-51.400000000000006,-1.3287659574468087
-50.92,-1.305577507598784
-50.44,-1.4215258358662612
-49.96,-1.1896291793313072
-49.480000000000004,-1.2128176291793313
-49.0,-1.1664407294832828
-48.52,-1.2360091185410331
-48.04,-1.1664407294832828
-47.56,-1.3519574468085107
-47.08,-1.2591975683890577
-46.6,-1.28238905775076
-46.12,-1.0968693009118542
-45.64,-1.4447142857142856
-45.160000000000004,-1.305577507598784
-44.68,-1.3983343465045592
-44.199999999999996,-1.3983343465045592
-43.720000000000006,-1.0968693009118542
-43.24,-1.2360091185410331
-42.76,-1.5142826747720366
-42.28,-1.3287659574468087
-41.800000000000004,-1.4447142857142856
-41.32,-1.4215258358662612
-40.84,-1.5838541033434652
-40.36,-1.6998024316109424
-39.88,-1.4447142857142856
-39.400000000000006,-1.3983343465045592
-38.92,-1.1664407294832828
-38.44,-1.305577507598784
-37.96,-1.3751458966565349
-37.480000000000004,-1.5606626139817632
-37.0,-1.6302310030395133
-36.52,-1.6302310030395133
-36.04,-1.7925592705167173
-35.56,-1.5606626139817632
-35.080000000000005,-1.5606626139817632
-34.6,-1.6070425531914894
-34.12,-1.4447142857142856
-33.64000000000001,-1.305577507598784
-33.160000000000004,-1.5142826747720366
-32.68,-1.3519574468085107
-32.199999999999996,-1.28238905775076
-31.720000000000006,-1.4447142857142856
-31.240000000000002,-1.7229908814589667
-30.759999999999998,-1.7229908814589667
-30.280000000000005,-1.5606626139817632
-29.8,-1.2128176291793313
-29.32,-1.3751458966565349
-28.84,-1.4447142857142856
-28.36,-1.28238905775076
-27.880000000000003,-1.305577507598784
-27.4,-1.4447142857142856
-26.92,-1.491094224924012
-26.44,-1.4215258358662612
-25.96,-1.305577507598784
-25.48,-1.6998024316109424
-25.000000000000004,-1.4679057750759879
-24.52,-1.491094224924012
-24.040000000000003,-1.4679057750759879
-23.560000000000002,-1.3751458966565349
-23.080000000000002,-1.3519574468085107
-22.6,-1.2360091185410331
-22.12,-1.1200607902735562
-21.64,-1.1200607902735562
-21.160000000000004,-1.3751458966565349
-20.68,-1.3287659574468087
-20.200000000000003,-1.305577507598784
-19.720000000000002,-1.0736808510638298
-19.240000000000002,-1.3983343465045592
-18.76,-1.2360091185410331
-18.28,-1.0736808510638298
-17.8,-1.1432492401215806
-17.32,-1.004112462006079
-16.840000000000003,-1.1664407294832828
-16.36,-1.3287659574468087
-15.88,-1.28238905775076
-15.399999999999997,-1.0968693009118542
-14.92,-1.2360091185410331
-14.440000000000001,-1.3287659574468087
-13.959999999999999,-1.3287659574468087
-13.479999999999999,-1.2591975683890577
-12.999999999999998,-1.2360091185410331
-12.52,-1.305577507598784
-12.04,-1.6302310030395133
-11.559999999999999,-1.5838541033434652
-11.08,-1.4447142857142856
-10.6,-1.5374741641337388
-10.12,-1.746179331306991
-9.639999999999999,-1.3751458966565349
-9.16,-1.5606626139817632
-8.68,-1.3751458966565349
-8.2,-1.3751458966565349
-7.720000000000001,-1.4215258358662612
-7.24,-1.2591975683890577
-6.76,-1.4447142857142856
-6.279999999999999,-1.3983343465045592
-5.799999999999999,-0.9577325227963528
-5.32,-1.2128176291793313
-4.84,-1.28238905775076
-4.359999999999999,-1.2591975683890577
-3.8800000000000003,-1.305577507598784
-3.4,-1.3983343465045592
-2.9200000000000004,-1.3983343465045592
-2.44,-1.4679057750759879
-1.96,-1.2360091185410331
-1.48,-1.28238905775076
-1.0,-1.2591975683890577
-0.52,-1.2591975683890577
-0.040000000000000036,-4.830395136778115
0.43999999999999995,-5.781185410334347
0.9199999999999999,12.144407294832826
1.4000000000000203,35.77477203647416
1.88,48.69118541033435
2.36,57.59604863221884
2.84,64.57629179331306
3.32,69.93313069908815
3.8,74.13039513677812
4.279999999999999,77.65531914893617
4.76,80.50759878419453
5.24,82.94255319148935
5.720000000000001,85.07598784194528
6.199999999999999,86.7917933130699
6.68,88.29908814589666
7.16,89.29635258358664
7.640000000000001,90.43252279635257
8.12,91.66170212765958
8.6,92.4501519756839
9.08,93.2386018237082
9.56,93.56322188449847
10.040000000000001,94.37477203647416
10.520000000000001,94.90820668693009
11.0,95.4647416413374
11.48,95.48814589665655
11.96,95.9516717325228
12.44,96.11428571428571
12.92,96.64741641337388
13.4,96.90273556231003
13.88,96.92583586626138
14.36,97.2273556231003
14.84,97.2273556231003
15.32,97.57507598784194
15.799999999999999,97.87659574468084
16.279999999999998,98.17811550151976
16.759999999999998,98.31702127659572
17.240000000000002,98.4562310030395
17.72,98.68814589665654
18.199999999999996,98.6419452887538
18.68,98.94316109422492
19.159999999999997,98.89696048632219
19.64,98.87355623100306
20.119999999999997,99.03617021276595
20.599999999999998,99.0127659574468
21.08,99.08237082066869
21.56,99.24468085106383
22.04,99.54620060790273
22.52,99.08237082066869
23.0,99.10547112462007
23.479999999999997,99.15197568389057
23.96,99.3373860182371
24.439999999999998,99.31428571428573
24.919999999999998,99.31428571428573
25.4,99.3373860182371
25.88,99.2677811550152
26.36,99.63890577507598
26.84,99.49969604863223
27.319999999999997,99.63890577507598
27.8,99.59270516717326
28.279999999999998,99.56930091185409
28.759999999999998,99.6854103343465
29.24,99.24468085106383
29.72,99.4303951367781
30.199999999999996,99.47659574468086
30.68,99.59270516717326
31.159999999999997,99.7550151975684
31.639999999999997,99.7550151975684
32.12,99.61580547112462
32.6,99.6854103343465
33.080000000000005,99.63890577507598
33.559999999999995,99.7550151975684
34.04,99.63890577507598
34.52,99.66200607902739
34.99999999999999,99.84772036474165
35.48,99.7550151975684
35.96,99.9404255319149
36.440000000000005,99.7085106382979
36.919999999999995,99.77811550151974
37.4,99.7550151975684
37.88,99.7085106382979
38.36,100.10273556231002
38.839999999999996,99.89392097264437
39.32,99.9869300911854
39.8,99.9404255319149
40.28,99.96352583586626
40.76,100.14924012158055
41.239999999999995,99.87082066869301
41.72,99.77811550151974
42.2,100.28814589665654
42.68,100.1954407294833
43.16,99.84772036474165
43.64,100.03313069908818
44.12,100.07963525835865
44.6,100.01003039513678
45.08,100.14924012158055
45.559999999999995,100.07963525835865
46.04,100.05623100303951
46.52,100.01003039513678
46.99999999999999,100.01003039513678
47.48,99.87082066869301
47.96,99.91732522796353
48.44,100.05623100303951
48.919999999999995,100.12583586626138
49.4,100.1723404255319
49.879999999999995,100.2419452887538
50.36,100.01003039513678
50.839999999999996,100.1723404255319
51.32,100.10273556231002
51.8,99.9404255319149
52.28,100.10273556231002
52.76,100.1723404255319
53.239999999999995,100.10273556231002
53.72,100.01003039513678
54.2,99.9404255319149
54.68,100.26504559270516
55.16,100.2419452887538
55.64,100.26504559270516
56.12,100.21884498480243
56.6,99.9869300911854
57.08,100.35775075987841
57.559999999999995,100.33465045592705
58.04,100.42735562310033
58.52,100.42735562310033
58.99999999999999,100.28814589665654
59.48,100.49696048632217
59.96,100.45045592705166
60.44,100.47386018237083
60.919999999999995,94.65319148936169
61.4,74.06079027355624
61.879999999999995,58.431003039513676
62.36,44.42431610942249
62.839999999999996,32.458662613981765
63.32,22.67252279635258
63.8,14.44018237082067
64.28,8.15580547112462
64.76,3.425106382978723
65.24,-0.37799088145896653
65.72,-2.9288541033434647
66.2,-4.969544072948328
66.68,-6.360911854103344
67.16,-7.497203647416413
67.64000000000001,-8.100151975683891
68.12,-8.656686930091187
68.6,-9.120486322188452
69.08000000000001,-9.190060790273556
69.56,-9.514711246200608
70.03999999999999,-9.653860182370822
70.52000000000001,-9.700243161094225
71.0,-9.839361702127658
71.48000000000002,-9.978510638297871
71.96000000000001,-9.93212765957447
72.44,-9.862553191489363
72.92000000000002,-9.955319148936171
73.4,-9.978510638297871
73.88000000000001,-10.024893617021277
74.36000000000001,-9.978510638297871
74.84,-9.885744680851063
75.32000000000001,-10.001702127659573
75.80000000000001,-10.04808510638298
76.28,-9.816170212765957
76.76,-10.07127659574468
77.24000000000001,-9.862553191489363
77.72000000000001,-9.908936170212765
78.2,-10.024893617021277
78.68,-9.862553191489363
79.16000000000001,-10.001702127659573
79.64,-9.677051671732523
80.12,-9.700243161094225
80.60000000000001,-9.630668693009119
81.08,-9.607477203647417
81.56000000000002,-9.630668693009119
82.04,-9.491519756838906
82.52,-9.352370820668693
83.00000000000001,-9.584285714285715
83.48,-9.468328267477203
83.96000000000001,-9.375562310030395
84.44000000000001,-9.584285714285715
84.92,-9.375562310030395
85.4,-9.584285714285715
85.88000000000001,-9.491519756838906
86.36,-9.584285714285715
86.84,-9.561094224924013
87.32000000000001,-9.306018237082066
87.80000000000001,-9.166869300911854
88.28,-9.398753799392097
88.76,-9.537902735562309
89.24000000000001,-9.352370820668693
89.72,-9.607477203647417
90.2,-9.32920972644377
90.68,-9.653860182370822
91.16,-9.375562310030395
91.64000000000001,-9.468328267477203
92.12,-9.32920972644377
92.6,-9.259635258358664
93.08000000000001,-9.120486322188452
93.56,-9.21325227963526
94.04,-9.21325227963526
94.52000000000001,-9.4219452887538
95.0,-8.981337386018238
95.48,-9.120486322188452
95.96000000000001,-9.074103343465046
96.44,-8.772644376899695
96.92,-8.865410334346503
97.4,-9.190060790273556
97.88000000000001,-9.050911854103344
98.36,-8.703069908814589
98.84,-8.981337386018238
99.32000000000001,-8.679878419452889
99.80000000000001,-9.004528875379938
100.28,-8.610303951367781
100.76,-8.679878419452889
101.24000000000001,-8.726261398176291
101.72000000000001,-8.656686930091187
102.2,-8.749452887537995
102.68,-8.471185410334346
103.16000000000001,-8.563951367781154
103.64,-8.262462006079026
104.12,-8.378419452887538
104.60000000000001,-8.424802431610942
105.08,-8.656686930091187
105.56000000000002,-8.308844984802432
106.04,-8.494376899696048
106.52,-8.169726443768997
107.00000000000001,-8.308844984802432
107.48,-8.494376899696048
107.96000000000001,-8.447993920972644
108.44000000000001,-8.679878419452889
108.92,-8.540759878419454
109.4,-8.378419452887538
109.88000000000001,-8.378419452887538
110.36,-8.424802431610942
110.84,-8.471185410334346
111.32000000000001,-8.494376899696048
111.80000000000001,-8.563951367781154
112.28,-8.308844984802432
112.76,-8.447993920972644
113.24000000000001,-8.494376899696048
113.72,-8.58711246200608
114.2,-8.40161094224924
114.68,-8.40161094224924
115.16,-8.308844984802432
115.64000000000001,-8.123343465045593
116.12,-8.053768996960487
116.6,-8.239270516717324
117.08000000000001,-8.100151975683891
117.56,-8.239270516717324
118.04,-8.308844984802432
118.52000000000001,-8.216079027355624
119.0,-7.9841945288753795
119.48,-8.146534954407295
119.96000000000001,-8.030577507598784
120.44,-8.007386018237083
120.92,-8.146534954407295
121.4,-8.100151975683891
121.88000000000001,-8.053768996960487
122.36,-7.8682370820668694
122.84,-8.1929179331307
123.32000000000001,-7.8218541033434645
123.8,-8.053768996960487
124.28,-7.8218541033434645
124.76000000000002,-7.659544072948329
125.24000000000001,-7.775501519756839
125.72000000000001,-7.8682370820668694
126.2,-7.7523100303951376
126.67999999999999,-7.775501519756839
127.16,-7.8682370820668694
127.64000000000001,-7.891428571428571
128.12,-7.891428571428571
128.6,-8.007386018237083
129.07999999999998,-7.7523100303951376
129.56,-7.543586626139817
130.04,-7.497203647416413
130.52,-7.8218541033434645
131.0,-7.7523100303951376
131.48000000000002,-7.9146200607902735
131.96,-7.961003039513678
132.44,-7.8218541033434645
132.92,-7.845045592705167
133.4,-7.729118541033435
133.88000000000002,-7.705927051671733
134.36,-7.8682370820668694
134.84,-8.007386018237083
135.32,-7.9841945288753795
135.79999999999998,-7.961003039513678
136.28,-7.9378115501519755
136.76000000000002,-8.169726443768997
137.24,-7.9146200607902735
137.72,-7.8218541033434645
138.2,-7.8218541033434645
138.67999999999998,-7.7523100303951376
139.16000000000003,-7.543586626139817
139.64000000000001,-7.845045592705167
140.12,-7.543586626139817
140.6,-7.729118541033435
141.07999999999998,-7.845045592705167
141.56000000000003,-7.68273556231003
142.04000000000002,-7.891428571428571
142.52,-7.566778115501521
143.0,-7.589969604863222
143.48,-7.520395136778116
143.96,-7.543586626139817
144.44000000000003,-7.358085106382979
144.92000000000002,-7.450820668693008
145.4,-7.427659574468085
145.88,-7.334893617021276
146.36,-7.566778115501521
146.84,-7.288510638297873
147.32000000000002,-7.404468085106382
147.8,-7.311702127659574
148.28,-7.056595744680851
148.76,-7.427659574468085
149.24,-7.381276595744681
149.72,-7.589969604863222
150.20000000000002,-7.427659574468085
150.68,-7.427659574468085
151.16,-7.311702127659574
151.64000000000001,-7.242127659574468
152.12,-7.450820668693008
152.6,-7.450820668693008
153.08,-7.798693009118541
153.56,-7.543586626139817
154.04000000000002,-7.543586626139817
154.52,-7.497203647416413
155.0,-7.497203647416413
155.48,-7.427659574468085
155.96,-7.427659574468085
156.44000000000003,-7.079787234042553
156.92000000000002,-7.358085106382979
157.4,-7.543586626139817
157.88,-7.404468085106382
158.35999999999999,-7.404468085106382
158.84,-7.242127659574468
159.32000000000002,-7.172553191489362
159.8,-7.126170212765958
160.28,-6.940668693009119
160.76,-6.940668693009119
161.23999999999998,-6.987051671732524
161.72000000000003,-7.149361702127659
162.20000000000002,-6.940668693009119
162.68,-7.033434650455927
163.16,-7.010243161094224
163.64,-7.172553191489362
164.12,-6.963860182370819
164.60000000000002,-6.871094224924011
165.08,-6.917477203647416
165.56,-6.824711246200608
166.04,-6.871094224924011
166.52,-6.685562310030396
167.0,-7.056595744680851
167.48000000000002,-7.010243161094224
167.96,-7.010243161094224
168.44,-6.66240121580547
168.92,-6.824711246200608
169.4,-6.894285714285715
169.88000000000002,-6.731945288753801
170.36,-6.453677811550152
170.84,-6.592826747720364
171.32,-6.569635258358662
171.8,-6.84790273556231
172.28,-6.546443768996961
172.76000000000002,-6.685562310030396
173.24,-6.731945288753801
173.72,-6.731945288753801
174.20000000000002,-6.384103343465045
174.68,-6.592826747720364
175.16,-6.453677811550152
175.64000000000001,-6.824711246200608
176.12,-6.592826747720364
176.60000000000002,-6.639209726443769
177.08,-6.66240121580547
177.56,-6.66240121580547
178.04,-6.476869300911853
178.52,-6.476869300911853
179.0,-6.569635258358662
179.48000000000002,-6.731945288753801
179.96,-6.685562310030396
180.44,-6.685562310030396
180.92,-6.569635258358662
181.4,-6.407294832826747
181.88000000000002,-6.4304863221884485
182.36,-6.685562310030396
182.84,-6.3377203647416405
183.32,-6.755136778115502
183.79999999999998,-6.360911854103344
184.28000000000003,-6.500060790273556
184.76000000000002,-6.453677811550152
185.24,-6.1522188449848025
185.72,-6.1986018237082074
186.2,-6.569635258358662
186.68,-6.360911854103344
187.16000000000003,-6.244984802431612
187.64000000000001,-6.314528875379939
188.12,-6.082644376899696
188.6,-6.1754103343465045
189.07999999999998,-6.2681762917933135
189.56,-6.1986018237082074
190.04000000000002,-6.0594528875379945
190.52,-6.1986018237082074
191.0,-6.314528875379939
191.48,-6.1522188449848025
191.96,-6.291337386018236
192.44,-6.221793313069909
192.92000000000002,-6.291337386018236
193.4,-6.592826747720364
193.88,-6.4304863221884485
194.36,-6.3377203647416405
194.84,-6.3377203647416405
195.32,-6.407294832826747
195.8,-6.244984802431612
196.28,-6.4304863221884485
196.76000000000002,-6.360911854103344
197.24,-6.360911854103344
197.72,-6.3377203647416405
198.20000000000002,-6.453677811550152
198.68,-6.1290273556231
199.16,-6.453677811550152
199.64000000000001,-6.1522188449848025
200.12,-6.1986018237082074
200.6,-6.291337386018236
201.08,-6.082644376899696
201.56,-6.244984802431612
202.04000000000002,-6.0130699088145905
202.52,-5.966686930091186
203.0,-6.221793313069909
203.48,-5.827568389057751
203.96,-6.0594528875379945
204.44000000000003,-6.0594528875379945
204.92000000000002,-5.897142857142858
205.4,-6.1058358662613985
205.88,-5.804376899696049
206.35999999999999,-6.1522188449848025
206.84,-6.0594528875379945
207.32000000000002,-5.989878419452887
207.8,-5.897142857142858
208.28,-5.781185410334347
208.76,-5.966686930091186
209.23999999999998,-5.827568389057751
209.72000000000003,-6.0130699088145905
210.20000000000002,-5.757993920972644
210.68,-5.734802431610942
211.16,-6.1290273556231
211.64,-5.897142857142858
212.12,-5.665227963525836
212.60000000000002,-5.873951367781155
213.08,-5.897142857142858
213.56,-5.943495440729483
214.04,-6.1754103343465045
214.52,-6.569635258358662
215.0,-5.850759878419453
215.48000000000002,-6.0130699088145905
215.96,-6.1290273556231
216.44,-6.0594528875379945
216.92000000000002,-6.1290273556231
217.4,-5.966686930091186
217.88,-5.850759878419453
218.36,-6.0594528875379945
218.84,-6.0130699088145905
219.32,-5.943495440729483
219.8,-5.827568389057751
220.28,-5.804376899696049
220.76,-5.873951367781155
221.24,-5.781185410334347
221.72,-5.665227963525836
222.20000000000002,-5.688419452887538
222.68,-5.688419452887538
223.16,-5.781185410334347
223.64000000000001,-5.781185410334347
224.12,-5.59565349544073
224.60000000000002,-5.757993920972644
225.08,-5.688419452887538
225.56,-5.734802431610942
226.04,-5.71161094224924
226.52,-5.642036474164134
227.0,-5.549270516717325
227.48000000000002,-5.59565349544073
227.96,-5.247811550151976
228.44,-5.433343465045592
228.92,-5.456534954407295
229.4,-5.502917933130699
229.88000000000002,-5.410151975683891
230.36,-5.549270516717325
230.84,-5.59565349544073
231.32,-5.247811550151976
231.79999999999998,-5.155045592705167
232.28000000000003,-5.456534954407295
232.76000000000002,-5.271003039513678
233.24,-5.549270516717325
233.72,-5.456534954407295
234.2,-5.526079027355623
234.68,-5.59565349544073
235.16000000000003,-5.642036474164134
235.64000000000001,-5.410151975683891
236.12,-5.386960486322188
236.6,-5.247811550151976
237.08,-5.410151975683891
237.56,-5.456534954407295
238.04000000000002,-5.363768996960487
238.52,-5.340577507598784
239.0,-5.456534954407295
239.48,-5.410151975683891
239.96,-5.386960486322188
240.44,-5.410151975683891
240.92000000000002,-5.433343465045592
241.4,-5.29419452887538
241.88,-5.340577507598784
242.36,-5.549270516717325
242.84,-5.549270516717325
243.32,-5.502917933130699
243.8,-5.618844984802432
244.28,-5.410151975683891
244.76000000000002,-5.317386018237082
245.24,-5.479726443768998
245.72000000000003,-5.479726443768998
246.2,-5.410151975683891
246.68,-5.549270516717325
247.16,-5.224620060790274
247.64000000000001,-5.433343465045592
248.12000000000003,-5.526079027355623
248.6,-5.386960486322188
249.08,-5.386960486322188
249.55999999999997,-5.340577507598784
250.04000000000002,-5.29419452887538
250.51999999999998,-5.224620060790274
251.0,-4.969544072948328
251.48000000000002,-5.131884498480243
251.95999999999998,-5.155045592705167
252.44000000000003,-4.853586626139817
252.92,-5.201428571428571
253.4,-4.830395136778115
253.88000000000002,-4.969544072948328
254.35999999999999,-5.039118541033435
254.84000000000003,-4.621702127659574
255.32,-4.853586626139817
255.8,-4.853586626139817
256.28000000000003,-4.853586626139817
256.76,-4.6912765957446805
257.24,-4.807203647416413
257.71999999999997,-4.87677811550152
258.2,-4.830395136778115
258.67999999999995,-4.923161094224924
259.15999999999997,-4.946352583586626
259.64,-4.737659574468085
260.11999999999995,-5.271003039513678
260.59999999999997,-5.015927051671732
261.08,-5.201428571428571
261.56,-5.015927051671732
262.04,-5.131884498480243
262.52,-4.899969604863222
263.0,-4.87677811550152
263.47999999999996,-5.155045592705167
263.96,-4.830395136778115
264.43999999999994,-4.87677811550152
264.91999999999996,-4.87677811550152
265.4,-4.969544072948328
265.87999999999994,-4.853586626139817
266.36,-4.807203647416413
266.84,-4.760820668693009
267.32,-4.807203647416413
267.8,-4.853586626139817
268.28,-4.6448936170212765
268.76,-4.6448936170212765
269.23999999999995,-4.923161094224924
269.71999999999997,-4.57531914893617
270.19999999999993,-4.853586626139817
270.67999999999995,-4.621702127659574
271.15999999999997,-4.760820668693009
271.64,-4.899969604863222
272.12,-4.992735562310031
272.59999999999997,-4.807203647416413
273.08,-4.737659574468085
273.56,-4.830395136778115
274.03999999999996,-4.992735562310031
274.52,-4.621702127659574
274.99999999999994,-4.6448936170212765
275.47999999999996,-4.760820668693009
275.9599999999999,-4.6680851063829785
276.44,-4.784012158054711
276.92,-4.760820668693009
277.4,-4.807203647416413
277.88,-4.807203647416413
278.35999999999996,-4.7144680851063825
278.84,-4.6680851063829785
279.32,-5.015927051671732
279.79999999999995,-4.946352583586626
280.28,-4.923161094224924
280.75999999999993,-5.015927051671732
281.24,-4.946352583586626
281.72,-4.923161094224924
282.2,-5.062310030395137
282.68,-4.946352583586626
283.15999999999997,-4.992735562310031
283.64,-4.969544072948328
284.11999999999995,-4.6912765957446805
284.59999999999997,-4.923161094224924
285.08,-4.760820668693009
285.55999999999995,-5.039118541033435
286.03999999999996,-4.969544072948328
286.52,-5.131884498480243
287.0,-5.062310030395137
287.48,-5.155045592705167
287.96,-4.946352583586626
288.44,-4.969544072948328
288.91999999999996,-4.969544072948328
289.4,-4.6912765957446805
289.87999999999994,-4.853586626139817
290.35999999999996,-5.039118541033435
290.84,-4.899969604863222
291.32,-4.784012158054711
291.8,-4.899969604863222
292.28,-4.899969604863222
292.76,-5.015927051671732
293.24,-4.6448936170212765
293.71999999999997,-4.830395136778115
294.2,-4.784012158054711
294.67999999999995,-4.946352583586626
295.15999999999997,-4.992735562310031
295.63999999999993,-4.853586626139817
296.11999999999995,-4.969544072948328
296.6,-5.039118541033435
297.08,-4.760820668693009
297.56,-4.760820668693009
298.03999999999996,-4.760820668693009
298.52,-4.899969604863222
299.0,-4.760820668693009
299.47999999999996,-4.5521276595744675
299.96,-4.5985106382978715
300.43999999999994,-4.6448936170212765
300.91999999999996,-4.7144680851063825
301.4,-4.5985106382978715
301.88,-4.760820668693009
302.36,-4.830395136778115
302.84,-4.6448936170212765
303.32,-4.899969604863222
303.79999999999995,-4.737659574468085
304.28,-4.807203647416413
304.76,-4.923161094224924
305.23999999999995,-4.621702127659574
305.71999999999997,-4.505744680851064
306.19999999999993,-4.760820668693009
306.68,-4.6448936170212765
307.16,-4.737659574468085
307.64,-4.899969604863222
308.12,-5.015927051671732
308.59999999999997,-4.784012158054711
309.08,-4.992735562310031
309.55999999999995,-4.853586626139817
310.03999999999996,-4.899969604863222
310.52,-4.899969604863222
310.99999999999994,-4.6912765957446805
311.48,-4.853586626139817
311.96,-5.039118541033435
312.44,-4.6912765957446805
312.92,-4.7144680851063825
313.4,-4.923161094224924
313.88,-4.807203647416413
314.35999999999996,-4.57531914893617
314.84,-4.7144680851063825
315.31999999999994,-4.946352583586626
315.79999999999995,-4.7144680851063825
316.28,-4.737659574468085
316.76,-4.6912765957446805
317.24,-4.853586626139817
317.71999999999997,-4.6448936170212765
318.2,-4.899969604863222
318.68,-4.946352583586626
319.15999999999997,-4.87677811550152
319.64,-4.969544072948328
320.11999999999995,-4.6680851063829785
320.59999999999997,-4.6912765957446805
321.0799999999999,-4.807203647416413
321.56,-4.6680851063829785
322.04,-4.5521276595744675
322.52,-4.969544072948328
323.0,-4.830395136778115
323.47999999999996,-4.6448936170212765
323.96,-4.7144680851063825
324.44,-4.853586626139817
324.91999999999996,-4.737659574468085
325.4,-4.6448936170212765
325.87999999999994,-4.737659574468085
326.35999999999996,-4.760820668693009
326.84,-4.6680851063829785
327.32,-4.830395136778115
327.8,-4.6680851063829785
328.28,-4.807203647416413
328.76,-4.760820668693009
329.23999999999995,-4.737659574468085
329.71999999999997,-4.830395136778115
330.2,-4.6680851063829785
330.67999999999995,-4.6912765957446805
331.15999999999997,-4.807203647416413
331.64,-4.57531914893617
332.12,-4.5521276595744675
332.59999999999997,-4.4361702127659575
333.08,-4.4825531914893615
333.56,-4.6448936170212765
334.03999999999996,-4.6448936170212765
334.52,-4.57531914893617
334.99999999999994,-4.6912765957446805
335.47999999999996,-4.57531914893617
335.96,-4.6680851063829785
336.43999999999994,-4.57531914893617
336.92,-4.4593617021276595
337.4,-4.366595744680851
337.88,-4.6448936170212765
338.36,-4.505744680851064
338.84,-4.6448936170212765
339.32,-4.505744680851064
339.79999999999995,-4.389787234042553
340.28,-4.320243161094225
340.75999999999993,-4.297051671732523
341.23999999999995,-4.157902735562311
341.71999999999997,-4.505744680851064
342.2,-4.505744680851064
342.68,-4.4361702127659575
343.15999999999997,-4.6448936170212765
343.64,-4.505744680851064
344.12,-4.621702127659574
344.59999999999997,-4.621702127659574
345.08,-4.6912765957446805
345.55999999999995,-4.946352583586626
346.03999999999996,-4.784012158054711
346.5199999999999,-4.853586626139817
347.0,-4.6680851063829785
347.48,-4.6912765957446805
347.96,-4.87677811550152
348.44,-4.7144680851063825
348.91999999999996,-4.760820668693009
349.4,-4.946352583586626
349.88,-4.807203647416413
350.35999999999996,-4.87677811550152
350.84,-4.784012158054711
351.31999999999994,-5.131884498480243
351.8,-4.57531914893617
352.28,-4.760820668693009
352.76,-4.6448936170212765
353.24,-4.528936170212766
353.71999999999997,-4.6912765957446805
354.2,-4.830395136778115
354.67999999999995,-4.505744680851064
355.15999999999997,-4.6448936170212765
355.64,-4.6912765957446805
356.11999999999995,-4.6448936170212765
356.59999999999997,-4.528936170212766
357.08,-4.830395136778115
357.56,-4.6912765957446805
358.03999999999996,-4.5521276595744675
358.52,-4.5985106382978715
359.0,-4.760820668693009
359.47999999999996,-4.57531914893617
359.96,-4.57531914893617
360.43999999999994,-4.6680851063829785
360.91999999999996,-4.528936170212766
361.4,-4.853586626139817
361.88,-4.6448936170212765
362.36,-4.7144680851063825
362.84,-4.4361702127659575
363.32,-4.6448936170212765
363.8,-4.6912765957446805
364.28,-4.57531914893617
364.76,-4.273860182370821
365.23999999999995,-4.57531914893617
365.71999999999997,-4.343434650455927
366.19999999999993,-4.366595744680851
366.67999999999995,-4.6448936170212765
367.16,-4.505744680851064
367.64,-4.505744680851064
368.12,-4.505744680851064
368.59999999999997,-4.4593617021276595
369.08,-4.4129787234042555
369.56,-4.621702127659574
370.03999999999996,-4.4825531914893615
370.52,-4.4825531914893615
370.99999999999994,-4.4129787234042555
371.47999999999996,-4.6912765957446805
371.96,-4.366595744680851
372.44,-4.134711246200608
372.92,-4.366595744680851
373.4,-4.297051671732523
373.88,-4.250668693009119
374.35999999999996,-4.204285714285715
374.84,-4.505744680851064
375.32,-4.4825531914893615
375.79999999999995,-4.4129787234042555
376.28,-4.273860182370821
376.75999999999993,-4.505744680851064
377.24,-4.4129787234042555
377.71999999999997,-4.4593617021276595
378.2,-4.4825531914893615
378.68,-4.4593617021276595
379.15999999999997,-4.5521276595744675
379.64,-4.227477203647416
380.11999999999995,-4.227477203647416
380.59999999999997,-4.366595744680851
381.08,-4.320243161094225
381.55999999999995,-4.343434650455927
382.04,-4.366595744680851
382.52,-4.505744680851064
383.0,-4.505744680851064
383.47999999999996,-4.297051671732523
383.96,-4.528936170212766
384.44,-4.4361702127659575
384.91999999999996,-4.366595744680851
385.4,-4.343434650455927
385.87999999999994,-4.320243161094225
386.35999999999996,-4.227477203647416
386.84,-4.4593617021276595
387.32,-4.389787234042553
387.8,-4.621702127659574
388.28,-4.297051671732523
388.76,-4.366595744680851
389.23999999999995,-4.4593617021276595
389.71999999999997,-4.505744680851064
390.2,-4.4593617021276595
390.67999999999995,-4.4361702127659575
391.15999999999997,-4.4361702127659575
391.63999999999993,-4.4361702127659575
392.12,-4.273860182370821
392.6,-4.320243161094225
393.08,-4.227477203647416
393.56,-4.389787234042553
394.03999999999996,-4.134711246200608
394.52,-4.297051671732523
395.0,-4.181094224924012
395.47999999999996,-4.343434650455927
395.96,-4.088328267477204
396.43999999999994,-4.181094224924012
396.91999999999996,-4.0419452887538
397.4,-4.111519756838906
397.88,-4.4129787234042555
398.36,-4.227477203647416
398.84,-4.134711246200608
399.32,-3.9724012158054713
399.79999999999995,-3.995562310030395
400.28,-4.088328267477204
400.76,-4.134711246200608
401.23999999999995,-4.250668693009119
401.71999999999997,-4.157902735562311
402.2,-4.088328267477204
402.68,-4.134711246200608
403.15999999999997,-3.833252279635259
403.64,-3.833252279635259
404.12,-3.8564437689969604
404.59999999999997,-4.250668693009119
405.08,-4.227477203647416
405.55999999999995,-4.204285714285715
406.03999999999996,-3.902826747720365
406.52,-3.9724012158054713
406.99999999999994,-4.157902735562311
407.48,-3.9724012158054713
407.96,-4.181094224924012
408.44,-4.366595744680851
408.91999999999996,-4.343434650455927
409.4,-4.088328267477204
409.88,-4.204285714285715
410.35999999999996,-4.111519756838906
410.84,-4.204285714285715
411.31999999999994,-4.018753799392097
411.79999999999995,-4.181094224924012
412.28,-4.250668693009119
412.76,-3.763677811550152
413.24,-4.088328267477204
413.71999999999997,-4.065136778115501
414.2,-3.902826747720365
414.67999999999995,-4.111519756838906
415.15999999999997,-3.879635258358663
415.64,-4.204285714285715
416.11999999999995,-4.227477203647416
416.59999999999997,-4.181094224924012
417.0799999999999,-4.273860182370821
417.56,-4.297051671732523
418.04,-4.181094224924012
418.52,-4.065136778115501
419.0,-4.366595744680851
419.47999999999996,-4.0419452887538
419.96,-4.0419452887538
420.44,-4.088328267477204
420.91999999999996,-4.065136778115501
421.4,-3.9724012158054713
421.87999999999994,-3.902826747720365
422.36,-3.995562310030395
422.84,-3.879635258358663
423.32,-4.018753799392097
423.8,-3.833252279635259
424.28,-4.111519756838906
424.76,-4.088328267477204
425.23999999999995,-3.902826747720365
425.71999999999997,-4.0419452887538
426.2,-3.995562310030395
426.67999999999995,-4.065136778115501
427.15999999999997,-4.111519756838906
427.64,-4.0419452887538
428.12,-3.9260182370820673
428.59999999999997,-4.088328267477204
429.08,-4.0419452887538
429.56,-4.157902735562311
430.03999999999996,-4.297051671732523
430.52,-4.204285714285715
430.99999999999994,-4.157902735562311
431.47999999999996,-4.088328267477204
431.96,-4.297051671732523
432.44,-4.088328267477204
432.92,-4.065136778115501
433.4,-4.134711246200608
433.88,-4.111519756838906
434.35999999999996,-4.111519756838906
434.84,-4.204285714285715
435.32,-4.088328267477204
435.79999999999995,-4.088328267477204
436.28,-4.273860182370821
436.75999999999993,-4.227477203647416
437.23999999999995,-3.902826747720365
437.72,-3.879635258358663
438.2,-4.111519756838906
438.68,-3.949209726443769
439.15999999999997,-4.0419452887538
439.64,-3.879635258358663
440.11999999999995,-4.111519756838906
440.59999999999997,-4.157902735562311
441.08,-3.995562310030395
441.55999999999995,-4.181094224924012
442.03999999999996,-3.995562310030395
442.52,-4.157902735562311
443.0,-4.227477203647416
443.48,-4.227477203647416
443.96,-4.0419452887538
444.44,-4.111519756838906
444.91999999999996,-4.134711246200608
445.4,-4.088328267477204
445.88,-3.949209726443769
446.35999999999996,-4.111519756838906
446.84,-3.763677811550152
447.31999999999994,-3.949209726443769
447.8,-3.995562310030395
448.28,-4.088328267477204
448.76,-3.763677811550152
449.24,-3.8564437689969604
449.71999999999997,-4.018753799392097
450.2,-3.902826747720365
450.67999999999995,-3.763677811550152
451.15999999999997,-3.995562310030395
451.64,-3.879635258358663
452.11999999999995,-4.088328267477204
452.59999999999997,-3.879635258358663
453.08,-3.786869300911854
453.56,-3.949209726443769
454.03999999999996,-4.204285714285715
454.52,-4.018753799392097
455.0,-4.111519756838906
455.47999999999996,-3.8564437689969604
455.96,-3.879635258358663
456.43999999999994,-4.0419452887538
456.91999999999996,-4.134711246200608
457.4,-3.995562310030395
457.88,-4.204285714285715
458.36,-4.343434650455927
458.84,-4.0419452887538
459.32,-4.088328267477204
459.79999999999995,-3.9260182370820673
460.28,-3.9724012158054713
460.76,-4.134711246200608
461.23999999999995,-4.065136778115501
461.71999999999997,-3.902826747720365
462.19999999999993,-3.995562310030395
462.68,-3.9260182370820673
463.16,-4.018753799392097
463.64,-4.018753799392097
464.12,-4.111519756838906
464.59999999999997,-4.065136778115501
465.08,-4.0419452887538
465.55999999999995,-3.902826747720365
466.03999999999996,-4.0419452887538
466.52,-3.8100607902735564
466.99999999999994,-3.902826747720365
467.47999999999996,-3.9260182370820673
467.96,-3.879635258358663
468.44,-3.7404863221884495
468.92,-3.6941033434650454
469.4,-3.9260182370820673
469.88,-3.8100607902735564
470.35999999999996,-3.902826747720365
470.84,-3.902826747720365
471.31999999999994,-3.995562310030395
471.79999999999995,-3.8100607902735564
472.28,-3.995562310030395
472.76,-3.786869300911854
473.24,-3.949209726443769
473.71999999999997,-3.9724012158054713
474.2,-3.9724012158054713
474.68,-3.647720364741641
475.15999999999997,-3.763677811550152
475.64,-3.6709118541033434
476.11999999999995,-3.508601823708207
476.59999999999997,-3.601337386018237
477.08,-3.6941033434650454
477.55999999999995,-4.018753799392097
478.04,-3.7404863221884495
478.52,-3.949209726443769
479.0,-3.833252279635259
479.47999999999996,-3.7404863221884495
479.96,-3.879635258358663
480.44,-3.995562310030395
480.91999999999996,-3.6709118541033434
481.4,-3.6245288753799394
481.87999999999994,-3.6245288753799394
482.35999999999996,-3.9724012158054713
482.84,-3.879635258358663
483.32,-3.949209726443769
483.8,-3.949209726443769
484.28,-3.717294832826748
484.76,-3.717294832826748
485.23999999999995,-3.9260182370820673
485.71999999999997,-3.7404863221884495
486.2,-3.6245288753799394
486.67999999999995,-3.949209726443769
487.15999999999997,-3.6709118541033434
487.63999999999993,-3.9260182370820673
488.12,-3.6709118541033434
488.6,-3.4854103343465046
489.08,-3.4854103343465046
489.56,-3.346261398176292
490.04,-3.7404863221884495
490.52,-3.7404863221884495
490.99999999999994,-3.578176291793313
491.48,-3.833252279635259
491.96,-3.647720364741641
492.43999999999994,-3.6245288753799394
492.91999999999996,-3.6941033434650454
493.40000000000003,-3.531793313069909
493.88,-3.5549848024316115
494.35999999999996,-3.508601823708207
494.84000000000003,-3.5549848024316115
495.32,-3.5549848024316115
495.79999999999995,-3.7404863221884495
496.2799999999999,-3.6709118541033434
496.76,-3.5549848024316115
497.23999999999995,-3.531793313069909
497.7199999999999,-3.5549848024316115
498.20000000000005,-3.6941033434650454
498.68,-3.8100607902735564
499.15999999999997,-3.786869300911854
499.63999999999993,-3.763677811550152
500.12,-3.462218844984803
500.59999999999997,-3.578176291793313
501.0799999999999,-3.601337386018237
501.56,-3.6245288753799394
502.03999999999996,-3.3694528875379937
502.5199999999999,-3.531793313069909
503.0,-3.578176291793313
503.48,-3.879635258358663
503.96,-3.578176291793313
504.43999999999994,-3.763677811550152
504.92,-3.6709118541033434
505.4,-3.879635258358663
505.87999999999994,-3.8564437689969604
506.36,-3.6941033434650454
506.84,-3.6245288753799394
507.31999999999994,-3.3230699088145896
507.79999999999995,-3.578176291793313
508.28000000000003,-3.6245288753799394
508.76,-3.8564437689969604
509.23999999999995,-3.3230699088145896
509.72,-3.6709118541033434
510.2,-3.4390273556231006
510.67999999999995,-3.647720364741641
511.16,-3.647720364741641
511.64,-3.531793313069909
512.12,-3.601337386018237
512.5999999999999,-3.5549848024316115
513.08,-3.4854103343465046
513.56,-3.578176291793313
514.04,-3.6709118541033434
514.52,-3.4854103343465046
515.0,-3.4390273556231006
515.4799999999999,-3.6245288753799394
515.9599999999999,-3.6941033434650454
516.44,-3.508601823708207
516.92,-3.462218844984803
517.4,-3.717294832826748
517.88,-3.508601823708207
518.36,-3.462218844984803
518.8399999999999,-3.6941033434650454
519.3199999999999,-3.717294832826748
519.8,-3.6245288753799394
520.28,-3.531793313069909
520.76,-3.462218844984803
521.24,-3.462218844984803
521.72,-3.4854103343465046
522.1999999999999,-3.5549848024316115
522.6800000000001,-3.4854103343465046
523.16,-3.4390273556231006
523.64,-3.6709118541033434
524.1199999999999,-3.3694528875379937
524.6,-3.6245288753799394
525.0799999999999,-3.230303951367781
525.56,-3.3230699088145896
526.0400000000001,-3.207142857142857
526.52,-3.346261398176292
527.0,-3.3230699088145896
527.4799999999999,-3.392644376899696
527.96,-3.462218844984803
528.4399999999999,-3.462218844984803
528.92,-3.5549848024316115
529.4,-3.508601823708207
529.88,-3.067993920972645
530.3599999999999,-3.230303951367781
530.84,-3.276686930091185
531.32,-3.415835866261398
531.8,-3.462218844984803
532.28,-3.392644376899696
532.76,-3.392644376899696
533.24,-3.3694528875379937
533.7199999999999,-3.462218844984803
534.2,-3.3694528875379937
534.68,-3.346261398176292
535.16,-3.531793313069909
535.64,-3.415835866261398
536.12,-3.5549848024316115
536.6,-3.6941033434650454
537.0799999999999,-3.462218844984803
537.5600000000001,-3.3230699088145896
538.04,-3.508601823708207
538.52,-3.346261398176292
538.9999999999999,-3.508601823708207
539.48,-3.2998784194528876
539.9599999999999,-3.3694528875379937
540.4399999999999,-3.3230699088145896
540.92,-3.462218844984803
541.4,-3.346261398176292
541.88,-3.601337386018237
542.36,-3.6941033434650454
542.84,-3.230303951367781
543.3199999999999,-3.3694528875379937
543.8,-3.4854103343465046
544.28,-3.5549848024316115
544.76,-3.462218844984803
545.2399999999999,-3.207142857142857
545.72,-3.2998784194528876
546.2,-3.346261398176292
546.68,-3.462218844984803
547.16,-3.346261398176292
547.64,-3.508601823708207
548.12,-3.392644376899696
548.5999999999999,-3.415835866261398
549.08,-3.3694528875379937
549.56,-3.508601823708207
550.04,-3.346261398176292
550.5199999999999,-3.276686930091185
551.0,-3.3230699088145896
551.48,-3.3230699088145896
551.9599999999999,-3.462218844984803
552.44,-3.2998784194528876
552.92,-3.3230699088145896
553.4,-3.763677811550152
553.88,-3.4854103343465046
554.36,-3.392644376899696
554.8399999999999,-3.4390273556231006
555.3199999999999,-3.415835866261398
555.8,-3.508601823708207
556.28,-3.4390273556231006
556.76,-3.508601823708207
557.24,-3.462218844984803
557.72,-3.392644376899696
558.1999999999999,-3.3694528875379937
558.68,-3.6245288753799394
559.16,-3.531793313069909
559.64,-3.995562310030395
560.1199999999999,-3.6245288753799394
560.6,-3.6941033434650454
561.08,-3.462218844984803
561.56,-3.4854103343465046
562.0400000000001,-3.6709118541033434
562.52,-3.508601823708207
563.0,-3.647720364741641
563.4799999999999,-3.578176291793313
563.96,-3.6245288753799394
564.4399999999999,-3.717294832826748
564.92,-3.5549848024316115
565.4,-3.5549848024316115
565.88,-3.7404863221884495
