Time/us,Voltage/V
-562.0,-0.032772699999999995
-561.52,-0.0325292
-561.04,-0.0336251
-560.5600000000001,-0.0335439
-560.0799999999999,-0.0333004
-559.6,-0.0332192
-559.12,-0.032772699999999995
-558.6400000000001,-0.032813300000000004
-558.16,-0.0332192
-557.6800000000001,-0.0320827
-557.2,-0.033138
-556.7199999999999,-0.0328945
-556.24,-0.032569799999999996
-555.76,-0.0329757
-555.28,-0.0329351
-554.8,-0.0328945
-554.32,-0.0328945
-553.84,-0.0320016
-553.36,-0.0320016
-552.88,-0.0315957
-552.4,-0.0326916
-551.92,-0.0325292
-551.4399999999999,-0.0329351
-550.96,-0.0331786
-550.48,-0.0330163
-550.0,-0.033746899999999996
-549.52,-0.033828
-549.0400000000001,-0.0324074
-548.56,-0.0328539
-548.08,-0.0334221
-547.6,-0.032772699999999995
-547.1199999999999,-0.033341
-546.64,-0.0333816
-546.16,-0.0335033
-545.6800000000001,-0.0334221
-545.1999999999999,-0.034112199999999995
-544.72,-0.0342339
-544.24,-0.0351674
-543.76,-0.0350051
-543.28,-0.0349239
-542.8000000000001,-0.0343151
-542.32,-0.0352892
-541.8399999999999,-0.0334627
-541.36,-0.034112199999999995
-540.88,-0.034720999999999995
-540.4,-0.0346804
-539.92,-0.0342339
-539.44,-0.0342339
-538.96,-0.034518
-538.48,-0.0346804
-538.0,-0.034720999999999995
-537.52,-0.0341933
-537.04,-0.0342339
-536.56,-0.034112199999999995
-536.08,-0.0344774
-535.5999999999999,-0.0339092
-535.12,-0.0344369
-534.64,-0.0352486
-534.1600000000001,-0.035207999999999996
-533.68,-0.03508630000000001
-533.2,-0.0351269
-532.72,-0.03508630000000001
-532.24,-0.0352892
-531.76,-0.0347616
-531.28,-0.0349239
-530.8000000000001,-0.0348022
-530.3199999999999,-0.0348022
-529.84,-0.0336251
-529.36,-0.035207999999999996
-528.88,-0.034639800000000005
-528.4,-0.0348022
-527.9200000000001,-0.0345586
-527.44,-0.0342745
-526.9599999999999,-0.0338686
-526.48,-0.0332192
-526.0,-0.0333816
-525.52,-0.0335439
-525.04,-0.0336657
-524.5600000000001,-0.0338686
-524.0799999999999,-0.0342339
-523.6,-0.0348022
-523.12,-0.0343151
-522.6400000000001,-0.034355699999999996
-522.16,-0.033828
-521.68,-0.0342745
-521.2,-0.0343151
-520.7199999999999,-0.0334627
-520.24,-0.0336251
-519.76,-0.033828
-519.2800000000001,-0.0339092
-518.8,-0.034639800000000005
-518.32,-0.0337874
-517.84,-0.0344369
-517.36,-0.0342339
-516.88,-0.034031
-516.4,-0.0344369
-515.92,-0.0338686
-515.4399999999999,-0.0335439
-514.96,-0.0339498
-514.48,-0.0337874
-514.0,-0.034112199999999995
-513.52,-0.033746899999999996
-513.0400000000001,-0.0335439
-512.56,-0.0337063
-512.0799999999999,-0.0338686
-511.6,-0.0339092
-511.12,-0.0331786
-510.64,-0.032366900000000004
-510.15999999999997,-0.033138
-509.68,-0.033341
-509.19999999999993,-0.034112199999999995
-508.71999999999997,-0.034518
-508.24,-0.033138
-507.76000000000005,-0.034396300000000005
-507.28,-0.0336251
-506.8,-0.0334627
-506.32000000000005,-0.0333004
-505.84,-0.0335439
-505.36,-0.0336251
-504.88000000000005,-0.0341527
-504.4,-0.0336251
-503.91999999999996,-0.0333004
-503.44,-0.0330974
-502.96000000000004,-0.033341
-502.47999999999996,-0.0334627
-502.0,-0.0334627
-501.52000000000004,-0.0333816
-501.03999999999996,-0.0339904
-500.56,-0.0330569
-500.08000000000004,-0.0332598
-499.6,-0.0329351
-499.11999999999995,-0.0339904
-498.64,-0.0333816
-498.16,-0.0334221
-497.67999999999995,-0.033138
-497.2,-0.033341
-496.72,-0.0334627
-496.23999999999995,-0.0334627
-495.76,-0.0334627
-495.28000000000003,-0.0337063
-494.80000000000007,-0.033138
-494.31999999999994,-0.0330974
-493.84,-0.033341
-493.36,-0.0338686
-492.87999999999994,-0.0335845
-492.4,-0.033828
-491.92,-0.0334627
-491.44000000000005,-0.0342339
-490.96,-0.0334221
-490.48,-0.033746899999999996
-490.00000000000006,-0.0331786
-489.52,-0.0333004
-489.03999999999996,-0.0332598
-488.56,-0.0334221
-488.08000000000004,-0.0342339
-487.59999999999997,-0.0343151
-487.12,-0.0339904
-486.64000000000004,-0.0334221
-486.16,-0.0334221
-485.68,-0.0328945
-485.20000000000005,-0.032448000000000005
-484.72,-0.0330974
-484.23999999999995,-0.0333004
-483.76,-0.0336251
-483.28,-0.0335845
-482.8,-0.033828
-482.32,-0.0331786
-481.84,-0.0331786
-481.36,-0.0334221
-480.88,-0.0329757
-480.40000000000003,-0.0322857
-479.92,-0.0340716
-479.44,-0.0335033
-478.96,-0.0332192
-478.47999999999996,-0.0332598
-478.0,-0.0335845
-477.52,-0.0331786
-477.04,-0.0334221
-476.56,-0.0330974
-476.08,-0.0328539
-475.6,-0.0337063
-475.12,-0.0335033
-474.64000000000004,-0.0341933
-474.15999999999997,-0.033828
-473.68,-0.033138
-473.2,-0.0337063
-472.71999999999997,-0.034112199999999995
-472.24,-0.0331786
-471.76,-0.0328945
-471.28000000000003,-0.0328539
-470.8,-0.0328945
-470.32,-0.0336251
-469.84000000000003,-0.0338686
-469.36,-0.0334627
-468.88,-0.0337063
-468.4,-0.034112199999999995
-467.91999999999996,-0.034031
-467.44,-0.0339498
-466.96,-0.0328945
-466.48,-0.0333004
-466.0,-0.0326916
-465.52000000000004,-0.0330569
-465.04,-0.0328539
-464.56,-0.0330163
-464.08,-0.034031
-463.59999999999997,-0.0340716
-463.12,-0.034396300000000005
-462.64,-0.0338686
-462.15999999999997,-0.0341933
-461.68,-0.0341933
-461.2,-0.0339498
-460.72,-0.0341527
-460.24,-0.0339498
-459.76000000000005,-0.0345992
-459.28000000000003,-0.0339092
-458.79999999999995,-0.0344369
-458.32,-0.0351269
-457.84,-0.034720999999999995
-457.36,-0.0341933
-456.88,-0.0337063
-456.4,-0.0341933
-455.92,-0.0339498
-455.44,-0.0336657
-454.96000000000004,-0.034112199999999995
-454.48,-0.034639800000000005
-454.0,-0.0344369
-453.52,-0.0342339
-453.03999999999996,-0.034031
-452.56,-0.0353298
-452.08,-0.034396300000000005
-451.6,-0.0351674
-451.12,-0.034639800000000005
-450.64,-0.0339904
-450.16,-0.0332192
-449.68,-0.033746899999999996
-449.2,-0.0339904
-448.71999999999997,-0.033341
-448.24,-0.0341933
-447.76,-0.0342339
-447.28,-0.033828
-446.8,-0.0341933
-446.32,-0.0338686
-445.84000000000003,-0.034031
-445.36,-0.0345586
-444.88,-0.0335845
-444.40000000000003,-0.0335033
-443.91999999999996,-0.0342339
-443.44,-0.0341527
-442.96,-0.0341933
-442.48,-0.0338686
-442.0,-0.0330974
-441.52,-0.034639800000000005
-441.04,-0.034031
-440.56,-0.0339498
-440.08000000000004,-0.0343151
-439.6,-0.0337063
-439.12,-0.0333816
-438.64,-0.034031
-438.15999999999997,-0.034031
-437.68,-0.0338686
-437.2,-0.0341933
-436.71999999999997,-0.0345992
-436.24,-0.034720999999999995
-435.76,-0.0346804
-435.28000000000003,-0.0353298
-434.8,-0.034396300000000005
-434.32000000000005,-0.034720999999999995
-433.84,-0.0345586
-433.35999999999996,-0.0350457
-432.88,-0.0344774
-432.4,-0.034396300000000005
-431.92,-0.0348022
-431.44,-0.035207999999999996
-430.96,-0.0342339
-430.48,-0.0342745
-430.0,-0.035411
-429.52000000000004,-0.035816900000000006
-429.04,-0.0355327
-428.56,-0.035411
-428.08,-0.035613900000000004
-427.59999999999997,-0.0352892
-427.12,-0.0346804
-426.64,-0.0353704
-426.16,-0.0350457
-425.68,-0.0353704
-425.2,-0.0350457
-424.72,-0.0364663
-424.24,-0.0356545
-423.76,-0.035492199999999995
-423.28,-0.0351269
-422.8,-0.0367504
-422.32,-0.035979199999999996
-421.84,-0.03666919999999999
-421.36,-0.0358575
-420.88,-0.035938599999999994
-420.40000000000003,-0.036060400000000006
-419.92,-0.035695099999999994
-419.44,-0.035735699999999995
-418.96000000000004,-0.0356545
-418.47999999999996,-0.036263300000000005
-418.0,-0.035411
-417.52,-0.0351269
-417.04,-0.036019800000000005
-416.56,-0.035207999999999996
-416.08,-0.035411
-415.6,-0.035613900000000004
-415.12,-0.0355327
-414.64000000000004,-0.0351674
-414.16,-0.035613900000000004
-413.67999999999995,-0.035735699999999995
-413.2,-0.03508630000000001
-412.71999999999997,-0.035411
-412.24,-0.0350051
-411.76,-0.035411
-411.28,-0.0350457
-410.8,-0.035492199999999995
-410.32,-0.0355327
-409.84000000000003,-0.035735699999999995
-409.36,-0.0356545
-408.88,-0.0355327
-408.4,-0.034964499999999996
-407.91999999999996,-0.0349239
-407.44,-0.034883300000000006
-406.96,-0.0356545
-406.48,-0.0351674
-406.0,-0.034883300000000006
-405.52,-0.034355699999999996
-405.04,-0.0350051
-404.56,-0.0346804
-404.08000000000004,-0.035492199999999995
-403.59999999999997,-0.03508630000000001
-403.12,-0.03545159999999999
-402.64,-0.035492199999999995
-402.15999999999997,-0.0353704
-401.68,-0.035776300000000004
-401.2,-0.035776300000000004
-400.72,-0.035695099999999994
-400.24,-0.035695099999999994
-399.76,-0.0362227
-399.28000000000003,-0.035979199999999996
-398.8,-0.035979199999999996
-398.32,-0.035979199999999996
-397.84,-0.0349239
-397.36,-0.0353298
-396.88,-0.035695099999999994
-396.4,-0.035735699999999995
-395.92,-0.035938599999999994
-395.44,-0.0363851
-394.96000000000004,-0.034964499999999996
-394.48,-0.0355733
-394.0,-0.0353704
-393.52,-0.0353298
-393.03999999999996,-0.035411
-392.56,-0.034518
-392.08,-0.0351674
-391.6,-0.035411
-391.12,-0.035411
-390.64,-0.0351674
-390.16,-0.0346804
-389.68,-0.0350457
-389.20000000000005,-0.034883300000000006
-388.72,-0.0350051
-388.23999999999995,-0.0355733
-387.76,-0.0352892
-387.28,-0.035411
-386.8,-0.0351269
-386.32,-0.035411
-385.84,-0.0351269
-385.36,-0.0344774
-384.88,-0.03545159999999999
-384.40000000000003,-0.0348022
-383.92,-0.0348427
-383.44,-0.0353704
-382.96,-0.0349239
-382.47999999999996,-0.0348022
-382.0,-0.0342339
-381.52,-0.0348427
-381.04,-0.03508630000000001
-380.56,-0.0344774
-380.08,-0.0349239
-379.6,-0.03508630000000001
-379.12,-0.0347616
-378.64000000000004,-0.0353298
-378.15999999999997,-0.035411
-377.68,-0.0355327
-377.2,-0.0352892
-376.71999999999997,-0.0348022
-376.24,-0.0351674
-375.76,-0.034964499999999996
-375.28000000000003,-0.0346804
-374.8,-0.0348022
-374.32,-0.034112199999999995
-373.84000000000003,-0.0341933
-373.35999999999996,-0.0345992
-372.88,-0.0346804
-372.4,-0.0347616
-371.92,-0.03508630000000001
-371.44,-0.0355733
-370.96,-0.0349239
-370.48,-0.03508630000000001
-370.0,-0.0352892
-369.52000000000004,-0.03508630000000001
-369.04,-0.0348022
-368.56,-0.0342339
-368.08,-0.0349239
-367.59999999999997,-0.0341933
-367.12,-0.0345586
-366.64,-0.0350051
-366.16,-0.0351674
-365.68,-0.0356545
-365.2,-0.035776300000000004
-364.72,-0.035898
-364.24,-0.0353298
-363.76000000000005,-0.034720999999999995
-363.28,-0.034720999999999995
-362.79999999999995,-0.0347616
-362.32,-0.034355699999999996
-361.84,-0.034112199999999995
-361.36,-0.0341527
-360.88,-0.034720999999999995
-360.40000000000003,-0.0344774
-359.92,-0.0344369
-359.44,-0.0341527
-358.96000000000004,-0.034883300000000006
-358.48,-0.034883300000000006
-358.0,-0.0352892
-357.52,-0.0346804
-357.03999999999996,-0.03508630000000001
-356.56,-0.0355327
-356.08,-0.034639800000000005
-355.6,-0.0343151
-355.12,-0.0349239
-354.64,-0.0349239
-354.16,-0.0345992
-353.68,-0.034518
-353.2,-0.034639800000000005
-352.71999999999997,-0.0349239
-352.24,-0.0343151
-351.76,-0.0345992
-351.28,-0.0340716
-350.8,-0.0344369
-350.32,-0.0335033
-349.84000000000003,-0.0339904
-349.36,-0.0342339
-348.88,-0.0348427
-348.40000000000003,-0.0347616
-347.91999999999996,-0.0350051
-347.44,-0.0343151
-346.96,-0.0344774
-346.48,-0.0347616
-346.0,-0.035735699999999995
-345.52,-0.035979199999999996
-345.04,-0.0363851
-344.56,-0.035979199999999996
-344.08000000000004,-0.0353298
-343.6,-0.0348022
-343.11999999999995,-0.035776300000000004
-342.64,-0.03545159999999999
-342.15999999999997,-0.035979199999999996
-341.68,-0.0349239
-341.2,-0.0356545
-340.72,-0.0351674
-340.24,-0.0355733
-339.76,-0.0353704
-339.28000000000003,-0.0363445
-338.8,-0.03545159999999999
-338.32,-0.036060400000000006
-337.84,-0.035898
-337.35999999999996,-0.035938599999999994
-336.88,-0.0350457
-336.4,-0.036101
-335.92,-0.035492199999999995
-335.44,-0.0353298
-334.96000000000004,-0.035898
-334.48,-0.036019800000000005
-334.0,-0.0353298
-333.52000000000004,-0.0355327
-333.03999999999996,-0.0349239
-332.56,-0.0362227
-332.08,-0.03545159999999999
-331.59999999999997,-0.036019800000000005
-331.12,-0.035411
-330.64,-0.0346804
-330.16,-0.034396300000000005
-329.68,-0.0341527
-329.2,-0.0335845
-328.72,-0.0339498
-328.24,-0.0343151
-327.76,-0.0343151
-327.28,-0.0344369
-326.8,-0.0345586
-326.32,-0.0344369
-325.84,-0.0334627
-325.36,-0.0336657
-324.88,-0.0338686
-324.40000000000003,-0.0336251
-323.92,-0.0342339
-323.44,-0.0334221
-322.96,-0.034112199999999995
-322.47999999999996,-0.0339092
-322.0,-0.0335033
-321.52,-0.0334221
-321.04,-0.034031
-320.56,-0.0333816
-320.08,-0.0338686
-319.6,-0.0346804
-319.12,-0.0342339
-318.64000000000004,-0.0339498
-318.16,-0.0339498
-317.67999999999995,-0.034639800000000005
-317.2,-0.0347616
-316.71999999999997,-0.033746899999999996
-316.24,-0.033746899999999996
-315.76,-0.0344369
-315.28000000000003,-0.034396300000000005
-314.8,-0.034396300000000005
-314.32,-0.0341527
-313.84000000000003,-0.034031
-313.36,-0.034031
-312.88,-0.0342339
-312.4,-0.0338686
-311.91999999999996,-0.0348022
-311.44,-0.0342745
-310.96,-0.034396300000000005
-310.48,-0.034518
-310.0,-0.0353298
-309.52000000000004,-0.0349239
-309.04,-0.0345586
-308.56,-0.034883300000000006
-308.08000000000004,-0.0346804
-307.59999999999997,-0.034720999999999995
-307.12,-0.034396300000000005
-306.64,-0.0339904
-306.15999999999997,-0.0352486
-305.68,-0.034518
-305.2,-0.0351269
-304.72,-0.0344774
-304.24,-0.035411
-303.76000000000005,-0.0342745
-303.28000000000003,-0.0342745
-302.79999999999995,-0.033828
-302.32,-0.0345586
-301.84,-0.0345992
-301.36,-0.034396300000000005
-300.88,-0.0337874
-300.4,-0.0339904
-299.92,-0.0343151
-299.44,-0.0336251
-298.96000000000004,-0.0339904
-298.48,-0.0344369
-298.0,-0.0349239
-297.52,-0.0352892
-297.03999999999996,-0.0351674
-296.56,-0.0355327
-296.08,-0.0356545
-295.6,-0.034112199999999995
-295.12,-0.034031
-294.64,-0.0338686
-294.16,-0.034518
-293.68,-0.0344774
-293.20000000000005,-0.035492199999999995
-292.71999999999997,-0.0349239
-292.23999999999995,-0.034964499999999996
-291.76,-0.0347616
-291.28,-0.0356545
-290.8,-0.0352892
-290.32,-0.0342745
-289.84000000000003,-0.034964499999999996
-289.36,-0.0346804
-288.88,-0.0342339
-288.40000000000003,-0.0345586
-287.92,-0.034639800000000005
-287.44,-0.034639800000000005
-286.96,-0.0355733
-286.47999999999996,-0.0349239
-286.0,-0.035207999999999996
-285.52,-0.035938599999999994
-285.04,-0.035776300000000004
-284.56,-0.0345586
-284.08000000000004,-0.0344774
-283.6,-0.0342745
-283.12,-0.0338686
-282.64,-0.034883300000000006
-282.15999999999997,-0.0349239
-281.68,-0.035207999999999996
-281.2,-0.035207999999999996
-280.71999999999997,-0.035492199999999995
-280.24,-0.034720999999999995
-279.76,-0.0349239
-279.28000000000003,-0.0348427
-278.8,-0.0343151
-278.32000000000005,-0.0351269
-277.84000000000003,-0.0348427
-277.35999999999996,-0.0350051
-276.88,-0.034518
-276.4,-0.0348022
-275.92,-0.035207999999999996
-275.44,-0.0362227
-274.96,-0.034883300000000006
-274.48,-0.0348022
-274.0,-0.034720999999999995
-273.52000000000004,-0.0346804
-273.04,-0.034355699999999996
-272.55999999999995,-0.0346804
-272.08,-0.0340716
-271.59999999999997,-0.035695099999999994
-271.12,-0.035776300000000004
-270.64,-0.0363445
-270.16,-0.0352486
-269.68,-0.0358575
-269.2,-0.034720999999999995
-268.72,-0.035613900000000004
-268.24,-0.0349239
-267.76,-0.035492199999999995
-267.28,-0.034720999999999995
-266.79999999999995,-0.0353704
-266.32,-0.0353298
-265.84,-0.034964499999999996
-265.36,-0.0348022
-264.88,-0.0345586
-264.40000000000003,-0.034396300000000005
-263.92,-0.0335845
-263.44,-0.0342339
-262.96000000000004,-0.0339092
-262.47999999999996,-0.0333004
-262.0,-0.0341933
-261.52,-0.0335033
-261.03999999999996,-0.034031
-260.56,-0.033746899999999996
-260.08,-0.034518
-259.6,-0.0336657
-259.12,-0.0337063
-258.64000000000004,-0.0341527
-258.16,-0.0337063
-257.68,-0.0335033
-257.2,-0.0335033
-256.71999999999997,-0.0333004
-256.24,-0.033746899999999996
-255.76,-0.0339498
-255.27999999999997,-0.0327321
-254.8,-0.0334627
-254.32,-0.0339092
-253.84,-0.0338686
-253.35999999999999,-0.0341527
-252.88000000000002,-0.0336251
-252.4,-0.0333004
-251.92,-0.0340716
-251.44000000000003,-0.0330163
-250.95999999999998,-0.033138
-250.48000000000002,-0.0330163
-250.0,-0.0331786
-249.51999999999998,-0.0328945
-249.04000000000002,-0.032569799999999996
-248.55999999999997,-0.032651
-248.08,-0.0328945
-247.6,-0.0335845
-247.11999999999998,-0.0335033
-246.64000000000001,-0.0333004
-246.15999999999997,-0.0332192
-245.68,-0.0338686
-245.2,-0.0333816
-244.72000000000003,-0.0335033
-244.24,-0.0339904
-243.76,-0.0328945
-243.28,-0.0331786
-242.79999999999998,-0.032813300000000004
-242.32000000000002,-0.0342339
-241.84,-0.0336251
-241.36,-0.0330163
-240.88,-0.0328539
-240.4,-0.0333816
-239.92,-0.0333816
-239.44,-0.0344369
-238.96,-0.0335033
-238.48,-0.0332598
-238.0,-0.033341
-237.52,-0.0335033
-237.04,-0.0330974
-236.56,-0.0339498
-236.07999999999998,-0.0328539
-235.6,-0.0334221
-235.12,-0.0331786
-234.64000000000001,-0.0338686
-234.16,-0.034112199999999995
-233.68,-0.0334627
-233.2,-0.0337063
-232.72,-0.0333816
-232.24,-0.0342339
-231.76000000000002,-0.0332192
-231.28,-0.0332192
-230.79999999999998,-0.0330163
-230.32,-0.0335439
-229.84,-0.0335845
-229.36,-0.0335033
-228.88000000000002,-0.0341933
-228.39999999999998,-0.0333816
-227.92,-0.0336251
-227.44,-0.0344369
-226.96,-0.0344369
-226.48000000000002,-0.0351674
-226.0,-0.034639800000000005
-225.51999999999998,-0.0351269
-225.04,-0.0348022
-224.56,-0.034964499999999996
-224.08,-0.0344774
-223.6,-0.0333816
-223.12,-0.0344369
-222.64,-0.034639800000000005
-222.16,-0.034883300000000006
-221.68,-0.035898
-221.20000000000002,-0.0358575
-220.72,-0.035898
-220.24,-0.0358575
-219.76,-0.035816900000000006
-219.28,-0.035898
-218.8,-0.035695099999999994
-218.32,-0.034883300000000006
-217.84,-0.0351269
-217.35999999999999,-0.0351269
-216.88,-0.0351674
-216.4,-0.0348022
-215.92,-0.0353704
-215.44,-0.0356545
-214.96,-0.035411
-214.48,-0.0353704
-214.0,-0.0362227
-213.52,-0.035816900000000006
-213.04,-0.0356545
-212.56,-0.0350457
-212.08,-0.0346804
-211.6,-0.0353704
-211.12,-0.0352892
-210.64,-0.0352892
-210.16,-0.0351674
-209.68,-0.035207999999999996
-209.20000000000002,-0.0353298
-208.72,-0.0352486
-208.23999999999998,-0.034639800000000005
-207.76,-0.0343151
-207.28,-0.034518
-206.8,-0.0342745
-206.32000000000002,-0.0338686
-205.83999999999997,-0.0341527
-205.35999999999999,-0.0336251
-204.88,-0.0336657
-204.4,-0.0335439
-203.92000000000002,-0.0339498
-203.44,-0.0333816
-202.95999999999998,-0.033828
-202.48,-0.033341
-202.0,-0.0332192
-201.52,-0.0328945
-201.04000000000002,-0.0342339
-200.56,-0.0334627
-200.07999999999998,-0.0339904
-199.6,-0.0336251
-199.12,-0.0338686
-198.64000000000001,-0.0343151
-198.16,-0.0337874
-197.68,-0.0339092
-197.2,-0.033341
-196.72,-0.033138
-196.24,-0.0338686
-195.76,-0.0336657
-195.28,-0.0333816
-194.8,-0.0333004
-194.32,-0.0328945
-193.84,-0.0329351
-193.36,-0.0330974
-192.88,-0.032448000000000005
-192.4,-0.0333004
-191.92,-0.033138
-191.44,-0.0330569
-190.96,-0.0334627
-190.48,-0.0329757
-190.0,-0.0328539
-189.52,-0.032813300000000004
-189.04,-0.0325292
-188.56,-0.0335439
-188.07999999999998,-0.0334221
-187.6,-0.0339498
-187.12,-0.0333004
-186.64000000000001,-0.033341
-186.16,-0.034355699999999996
-185.67999999999998,-0.0334221
-185.2,-0.0334627
-184.72,-0.032569799999999996
-184.24,-0.032569799999999996
-183.76000000000002,-0.0332192
-183.28,-0.0332598
-182.79999999999998,-0.032569799999999996
-182.32,-0.0328945
-181.84,-0.032772699999999995
-181.36,-0.032813300000000004
-180.88000000000002,-0.0329351
-180.39999999999998,-0.0333816
-179.92,-0.0333004
-179.44,-0.0335845
-178.96,-0.0339498
-178.48000000000002,-0.034031
-178.0,-0.0334627
-177.51999999999998,-0.0338686
-177.04,-0.032651
-176.56,-0.0328539
-176.08,-0.0334627
-175.6,-0.0337874
-175.12,-0.0330569
-174.64,-0.0336657
-174.16,-0.032610400000000005
-173.68,-0.0321233
-173.20000000000002,-0.0329351
-172.72,-0.032610400000000005
-172.24,-0.0330974
-171.76,-0.0335033
-171.28,-0.0331786
-170.8,-0.0320827
-170.32,-0.032651
-169.84,-0.0335033
-169.36,-0.033341
-168.88,-0.0336251
-168.4,-0.0339904
-167.92,-0.0338686
-167.44,-0.0334221
-166.96,-0.0336657
-166.48000000000002,-0.0328539
-166.0,-0.0337874
-165.51999999999998,-0.0335033
-165.04,-0.0342745
-164.56,-0.0336251
-164.08,-0.0333816
-163.6,-0.0335033
-163.12,-0.0335439
-162.64,-0.0334627
-162.16,-0.0332598
-161.68,-0.0336657
-161.20000000000002,-0.0335439
-160.72,-0.0336657
-160.23999999999998,-0.0332598
-159.76,-0.034112199999999995
-159.28,-0.0333816
-158.8,-0.0338686
-158.32000000000002,-0.0337874
-157.83999999999997,-0.0336251
-157.35999999999999,-0.0330974
-156.88,-0.0342339
-156.4,-0.0334627
-155.92000000000002,-0.0336657
-155.44,-0.0342745
-154.95999999999998,-0.0334221
-154.48,-0.0331786
-154.0,-0.0330163
-153.52,-0.033341
-153.04000000000002,-0.0335033
-152.56,-0.0335439
-152.07999999999998,-0.0335439
-151.6,-0.0333816
-151.12,-0.0345992
-150.64000000000001,-0.0339904
-150.16,-0.0331786
-149.68,-0.0332598
-149.2,-0.0333004
-148.72,-0.0328539
-148.24,-0.0336251
-147.76,-0.0333816
-147.28,-0.034639800000000005
-146.8,-0.0328539
-146.32,-0.0338686
-145.84,-0.0337874
-145.35999999999999,-0.0335439
-144.88,-0.034112199999999995
-144.4,-0.0333816
-143.92000000000002,-0.0341933
-143.44,-0.0339904
-142.96,-0.0335033
-142.48,-0.0330569
-142.0,-0.0335845
-141.52,-0.034112199999999995
-141.04000000000002,-0.0338686
-140.56,-0.0335439
-140.07999999999998,-0.0328945
-139.6,-0.0332598
-139.12,-0.0342339
-138.64000000000001,-0.0335033
-138.16000000000003,-0.0336251
-137.67999999999998,-0.034031
-137.2,-0.0339904
-136.72,-0.034031
-136.24,-0.0337063
-135.76000000000002,-0.0330569
-135.27999999999997,-0.0333004
-134.79999999999998,-0.0339904
-134.32,-0.0336657
-133.84,-0.032813300000000004
-133.36,-0.0339498
-132.88,-0.0343151
-132.39999999999998,-0.0338686
-131.92,-0.0336657
-131.44,-0.0343151
-130.96,-0.0328945
-130.48000000000002,-0.0334627
-130.0,-0.0338686
-129.51999999999998,-0.033746899999999996
-129.04,-0.0331786
-128.56,-0.033138
-128.08,-0.033746899999999996
-127.6,-0.0338686
-127.12,-0.0336251
-126.63999999999999,-0.0337874
-126.16,-0.0337063
-125.67999999999999,-0.0338686
-125.2,-0.0336657
-124.72000000000001,-0.0332598
-124.24000000000001,-0.0339498
-123.75999999999999,-0.033828
-123.27999999999999,-0.034112199999999995
-122.8,-0.0343151
-122.32000000000001,-0.0337063
-121.84,-0.0339092
-121.36000000000001,-0.0339498
-120.88,-0.032813300000000004
-120.39999999999999,-0.0335845
-119.92,-0.033746899999999996
-119.44,-0.033746899999999996
-118.96,-0.0344369
-118.48,-0.0338686
-118.0,-0.033746899999999996
-117.52,-0.0330569
-117.03999999999999,-0.0328945
-116.56,-0.0328539
-116.08,-0.0329351
-115.6,-0.033138
-115.12,-0.0335033
-114.64,-0.0338686
-114.16,-0.034518
-113.68,-0.033746899999999996
-113.19999999999999,-0.0334627
-112.72,-0.033828
-112.24000000000001,-0.0336251
-111.75999999999999,-0.032651
-111.28,-0.033138
-110.8,-0.0330569
-110.32,-0.0328539
-109.84,-0.0332598
-109.36,-0.032772699999999995
-108.88,-0.032448000000000005
-108.4,-0.0329351
-107.92,-0.032448000000000005
-107.44,-0.0330974
-106.96,-0.0330569
-106.48,-0.0337063
-106.0,-0.0334627
-105.52,-0.0328945
-105.04,-0.033138
-104.56,-0.0326916
-104.08,-0.0332192
-103.60000000000001,-0.0334221
-103.11999999999999,-0.0333004
-102.64,-0.0330163
-102.16000000000001,-0.0330569
-101.67999999999999,-0.0328945
-101.2,-0.0339092
-100.72,-0.0326916
-100.24,-0.032813300000000004
-99.76,-0.0331786
-99.28,-0.0335439
-98.8,-0.032772699999999995
-98.32000000000001,-0.0333816
-97.84,-0.0336251
-97.36,-0.0335033
-96.88,-0.0333816
-96.4,-0.0334221
-95.92,-0.0332598
-95.44,-0.0334221
-94.96,-0.033828
-94.48,-0.0335033
-94.0,-0.0335033
-93.52,-0.0330569
-93.03999999999999,-0.0322451
-92.56,-0.0335033
-92.08,-0.0332598
-91.6,-0.033138
-91.12,-0.0331786
-90.64,-0.0339498
-90.16,-0.0343151
-89.68,-0.0334221
-89.19999999999999,-0.034112199999999995
-88.72,-0.034031
-88.24000000000001,-0.0330569
-87.75999999999999,-0.0328945
-87.28,-0.033341
-86.8,-0.033138
-86.32,-0.0330974
-85.84,-0.0335439
-85.36,-0.0336251
-84.88,-0.0334221
-84.4,-0.033341
-83.92,-0.0332598
-83.44,-0.0331786
-82.96,-0.0327321
-82.48,-0.0330163
-82.0,-0.032448000000000005
-81.52,-0.032772699999999995
-81.04,-0.0335033
-80.56,-0.0343151
-80.08,-0.0339904
-79.60000000000001,-0.0339498
-79.11999999999999,-0.0333004
-78.64,-0.0334627
-78.16000000000001,-0.0328539
-77.67999999999999,-0.0327321
-77.2,-0.0324886
-76.72,-0.0329757
-76.24,-0.0332192
-75.76,-0.0335033
-75.28,-0.033138
-74.8,-0.032813300000000004
-74.32000000000001,-0.0330974
-73.84,-0.0339092
-73.36,-0.0336657
-72.88,-0.0341933
-72.4,-0.0336657
-71.92,-0.0333816
-71.44,-0.0329757
-70.96000000000001,-0.032569799999999996
-70.48,-0.032204500000000004
-70.0,-0.0329757
-69.52000000000001,-0.0329351
-69.03999999999999,-0.0326916
-68.56,-0.0335033
-68.08000000000001,-0.0336657
-67.6,-0.0333004
-67.12,-0.0335845
-66.63999999999999,-0.033828
-66.16,-0.0326916
-65.68,-0.033746899999999996
-65.19999999999999,-0.033746899999999996
-64.72,-0.0332598
-64.24000000000001,-0.032569799999999996
-63.75999999999999,-0.032448000000000005
-63.28,-0.032569799999999996
-62.8,-0.032569799999999996
-62.31999999999999,-0.0336251
-61.839999999999996,-0.0334627
-61.36000000000001,-0.0320016
-60.879999999999995,-0.0331786
-60.4,-0.0332598
-59.92,-0.0332598
-59.44,-0.032772699999999995
-58.96,-0.032651
-58.48,-0.0320421
-58.0,-0.031798599999999996
-57.519999999999996,-0.0320016
-57.04,-0.032326299999999995
-56.56,-0.0320827
-56.08,-0.032204500000000004
-55.599999999999994,-0.0324886
-55.120000000000005,-0.032204500000000004
-54.64,-0.0320827
-54.16,-0.032448000000000005
-53.68,-0.0326916
-53.2,-0.0322857
-52.72,-0.031961
-52.24,-0.0315957
-51.76,-0.031961
-51.28,-0.0316768
-50.800000000000004,-0.0315145
-50.32,-0.032569799999999996
-49.839999999999996,-0.032366900000000004
-49.36,-0.0322451
-48.88,-0.0328539
-48.4,-0.032610400000000005
-47.92,-0.032326299999999995
-47.44,-0.0320016
-46.96,-0.032448000000000005
-46.48,-0.0320421
-46.0,-0.0330163
-45.519999999999996,-0.0320827
-45.04,-0.0320016
-44.56,-0.0325292
-44.08,-0.0330569
-43.599999999999994,-0.0322857
-43.120000000000005,-0.032651
-42.64,-0.0324886
-42.16,-0.0326916
-41.68,-0.032448000000000005
-41.2,-0.032651
-40.72,-0.032448000000000005
-40.24,-0.032448000000000005
-39.76,-0.0328945
-39.28,-0.0322451
-38.800000000000004,-0.0325292
-38.32,-0.0328539
-37.839999999999996,-0.0324074
-37.36,-0.0330569
-36.88,-0.0335439
-36.4,-0.0336657
-35.92,-0.033138
-35.44,-0.0333816
-34.96,-0.0328539
-34.480000000000004,-0.033828
-34.0,-0.0335033
-33.519999999999996,-0.0328539
-33.040000000000006,-0.0328945
-32.56,-0.0333816
-32.08,-0.032651
-31.599999999999994,-0.032813300000000004
-31.120000000000005,-0.0330974
-30.64,-0.0328945
-30.159999999999997,-0.0329757
-29.680000000000003,-0.0333816
-29.2,-0.0330974
-28.72,-0.0331786
-28.24,-0.0334221
-27.759999999999998,-0.0332598
-27.28,-0.032610400000000005
-26.799999999999997,-0.0339498
-26.32,-0.0321233
-25.84,-0.0329351
-25.36,-0.033746899999999996
-24.88,-0.0335439
-24.400000000000002,-0.0336657
-23.919999999999998,-0.0344774
-23.44,-0.034355699999999996
-22.96,-0.0339092
-22.48,-0.0336251
-22.0,-0.033746899999999996
-21.52,-0.0336657
-21.04,-0.0335033
-20.560000000000002,-0.0344369
-20.08,-0.0344369
-19.6,-0.034396300000000005
-19.12,-0.0341527
-18.64,-0.033746899999999996
-18.16,-0.0342339
-17.68,-0.0334221
-17.2,-0.0330974
-16.72,-0.0343151
-16.240000000000002,-0.0339904
-15.759999999999998,-0.0333816
-15.280000000000001,-0.0335845
-14.799999999999997,-0.0332598
-14.32,-0.0330163
-13.840000000000002,-0.0335033
-13.36,-0.0336657
-12.879999999999999,-0.0339904
-12.399999999999999,-0.0336251
-11.92,-0.0334627
-11.44,-0.0332598
-10.959999999999999,-0.032448000000000005
-10.48,-0.0322857
-10.0,-0.0319204
-9.52,-0.0321639
-9.04,-0.0330163
-8.56,-0.032569799999999996
-8.08,-0.0324886
-7.6,-0.032448000000000005
-7.120000000000001,-0.033138
-6.640000000000001,-0.032326299999999995
-6.16,-0.0325292
-5.68,-0.032448000000000005
-5.199999999999999,-0.031961
-4.72,-0.031961
-4.24,-0.032326299999999995
-3.76,-0.0316363
-3.2800000000000002,-0.031961
-2.8,-0.0316768
-2.3200000000000003,-0.031798599999999996
-1.8399999999999999,-0.0321639
-1.3599999999999999,-0.0316768
-0.8799999999999999,-0.0318798
-0.3999999999999999,-0.0322857
0.08000000000000007,-0.0320421
0.56,-0.03987569999999999
1.04,-0.07043880000000001
1.52,-0.050591000000000004
2.0000000000000204,0.155111
2.48,0.366698
2.96,0.528686
3.44,0.6582439999999999
3.92,0.7625569999999999
4.4,0.8506739999999999
4.88,0.9246260000000001
5.359999999999999,0.988959
5.84,1.0444
6.32,1.09392
6.8,1.13678
7.28,1.17441
7.76,1.20984
8.24,1.24048
8.719999999999999,1.26886
9.2,1.2949899999999999
9.68,1.31833
10.16,1.3406200000000001
10.64,1.35994
11.120000000000001,1.37873
11.6,1.39574
12.08,1.4127399999999999
12.56,1.42731
13.04,1.44123
13.52,1.45479
14.0,1.4671299999999998
14.48,1.47979
14.959999999999999,1.49148
15.44,1.50224
15.92,1.51255
16.4,1.52274
16.88,1.53329
17.36,1.5420200000000002
17.840000000000003,1.55131
18.32,1.55955
18.799999999999997,1.56795
19.28,1.57639
19.759999999999998,1.5850799999999998
20.240000000000002,1.59259
20.72,1.60018
21.2,1.60805
21.68,1.61491
22.16,1.62145
22.64,1.62855
23.12,1.63415
23.6,1.6415799999999998
24.08,1.6468599999999998
24.560000000000002,1.65343
25.04,1.6594
25.52,1.6652799999999999
26.0,1.67084
26.48,1.6775
26.96,1.6832599999999998
27.44,1.68955
27.919999999999998,1.69528
28.400000000000002,1.7008400000000001
28.88,1.7063599999999999
29.36,1.71163
29.84,1.7175599999999998
30.32,1.7224700000000002
30.799999999999997,1.72702
31.28,1.7329400000000001
31.759999999999998,1.7379799999999999
32.239999999999995,1.74325
32.72,1.7480799999999999
33.2,1.7534
33.68000000000001,1.7576200000000002
34.16,1.7629400000000002
34.64,1.7674
35.120000000000005,1.7726400000000002
35.599999999999994,1.77698
36.08,1.7820099999999999
36.56,1.7862
37.040000000000006,1.7909400000000002
37.519999999999996,1.7957299999999998
38.0,1.8004799999999999
38.480000000000004,1.80552
38.96,1.80982
39.44,1.81444
39.92,1.8179400000000001
40.4,1.82171
40.88,1.82605
41.36,1.8308
41.839999999999996,1.83535
42.32,1.8398900000000002
42.800000000000004,1.84375
43.28,1.84769
43.76,1.85264
44.24,1.85625
44.72,1.8607599999999997
45.2,1.86327
45.68,1.8677
46.16,1.8722400000000001
46.64,1.87663
47.120000000000005,1.88008
47.599999999999994,1.8839700000000001
48.08,1.8876700000000002
48.56,1.8921299999999999
49.04,1.8951799999999999
49.519999999999996,1.89887
50.0,1.9026
50.48,1.9067
50.96,1.9106400000000001
51.44,1.9136
51.92,1.9182700000000001
52.4,1.9222099999999998
52.88,1.92537
53.36,1.9288599999999998
53.839999999999996,1.933
54.32,1.93589
54.800000000000004,1.93934
55.28,1.9428299999999998
55.76,1.9457900000000001
56.24,1.94964
56.72,1.95435
57.2,1.95691
57.68,1.96081
58.16,1.9643
58.64,1.9681099999999998
59.120000000000005,1.97055
59.599999999999994,1.9746099999999998
60.08,1.97712
60.56,1.9811
61.04,1.98423
61.519999999999996,1.98682
62.0,1.8758599999999999
62.48,1.69629
62.96,1.52014
63.44,1.3537700000000001
63.92,1.20213
64.4,1.06677
64.88,0.9497909999999999
65.36000000000001,0.851039
65.84,0.77035
66.32,0.704353
66.8,0.651994
67.28,0.609498
67.75999999999999,0.574835
68.24000000000001,0.546058
68.72,0.523004
69.19999999999999,0.5026689999999999
69.68,0.485622
70.16,0.47056400000000004
70.63999999999999,0.457129
71.12,0.445642
71.6,0.435008
72.08000000000001,0.42506400000000005
72.56,0.416784
73.03999999999999,0.409844
73.52000000000001,0.402944
74.0,0.397423
74.48,0.39121300000000003
74.96000000000001,0.385044
75.44,0.378753
75.92,0.374085
76.4,0.36889
76.88,0.365034
77.36,0.36065
77.84,0.35651
78.32000000000001,0.35285700000000003
78.8,0.34924499999999997
79.28,0.34591700000000003
79.76,0.34267
80.24,0.340072
80.72,0.336987
81.2,0.333822
81.67999999999999,0.33150799999999997
82.16000000000001,0.328667
82.64,0.32554099999999997
83.11999999999999,0.322376
83.60000000000001,0.320184
84.08,0.317789
84.56,0.31559699999999996
85.04,0.314786
85.52,0.31166
86.0,0.309753
86.48,0.307236
86.96,0.30630300000000005
87.44,0.30407
87.92,0.302041
88.4,0.299159
88.88,0.298023
89.36,0.296643
89.84,0.29538400000000004
90.32,0.29278699999999996
90.8,0.291691
91.28,0.289905
91.75999999999999,0.2882
92.24000000000001,0.287145
92.72,0.284913
93.19999999999999,0.283451
93.68,0.282558
94.16,0.2813
94.64,0.279555
95.12,0.27858099999999997
95.6,0.276835
96.08,0.275131
96.56,0.274278
97.03999999999999,0.273426
97.52,0.271924
98.0,0.27026
98.48,0.26924499999999996
98.96,0.26819
99.44,0.266648
99.92,0.26567399999999997
100.4,0.264334
100.88,0.263319
101.36,0.26303499999999996
101.84,0.261168
102.32000000000001,0.25995100000000004
102.8,0.25816500000000003
103.28,0.25824600000000003
103.76,0.25702800000000003
104.24,0.256054
104.72,0.254755
105.2,0.25414699999999996
105.67999999999999,0.252969
106.16000000000001,0.251833
106.64,0.25033099999999997
107.11999999999999,0.249966
107.60000000000001,0.24899200000000002
108.08,0.247815
108.56,0.24700300000000003
109.04,0.245704
109.52,0.24477100000000002
110.0,0.24501399999999998
110.48,0.242944
110.96,0.24314699999999997
111.44,0.242254
111.92,0.24099600000000002
112.4,0.240468
112.88,0.239494
113.36,0.23860100000000004
113.84,0.238033
114.32,0.23701799999999998
114.8,0.236612
115.28,0.23547600000000002
115.75999999999999,0.23515100000000003
116.24000000000001,0.234136
116.72,0.232675
117.19999999999999,0.232756
117.68,0.231985
118.16,0.232188
118.64,0.23129499999999997
119.12,0.230605
119.6,0.22894099999999998
120.08,0.228779
120.56,0.227683
121.03999999999999,0.227115
121.52,0.22670900000000002
122.0,0.226465
122.48,0.22565300000000002
122.96,0.22512600000000002
123.44,0.223583
123.92,0.223502
124.39999999999999,0.223259
124.88,0.221838
125.36000000000001,0.220702
125.84,0.22058000000000003
126.32000000000001,0.22053899999999999
126.8,0.219687
127.27999999999999,0.218835
127.75999999999999,0.218063
128.24,0.217292
128.72000000000003,0.216968
129.2,0.216521
129.68,0.215669
130.16,0.21445100000000003
130.64,0.21445100000000003
131.12,0.213842
131.6,0.213233
132.08,0.2123
132.56,0.211326
133.04,0.21091999999999997
133.51999999999998,0.21087899999999998
134.0,0.209378
134.48000000000002,0.209499
134.96,0.20889000000000002
135.44,0.20864699999999997
135.92,0.207105
136.39999999999998,0.207267
136.88,0.20641500000000002
137.36,0.206252
137.84,0.205116
138.32,0.20466900000000002
138.79999999999998,0.20341099999999998
139.27999999999997,0.202802
139.76000000000002,0.20243699999999998
140.24,0.201869
140.72,0.201828
141.2,0.20105699999999999
141.67999999999998,0.201016
142.16000000000003,0.200205
142.64000000000001,0.199758
143.12,0.198784
143.6,0.197729
144.07999999999998,0.198053
144.56,0.197526
145.04000000000002,0.197242
145.52,0.19683599999999998
146.0,0.195902
146.48,0.194766
146.96,0.195009
147.44,0.193995
147.92000000000002,0.192939
148.4,0.193913
148.88,0.193873
149.35999999999999,0.19306099999999998
149.84,0.192615
150.32,0.191722
150.8,0.191032
151.28,0.19022
151.76,0.19022
152.24,0.189855
152.72,0.18957000000000002
153.2,0.189367
153.68,0.188475
154.16,0.18815
154.64000000000001,0.187744
155.12,0.186607
155.6,0.186202
156.07999999999998,0.18595799999999998
156.56,0.18526800000000002
157.04000000000002,0.185674
157.52,0.18498399999999998
158.0,0.184335
158.48,0.1847
158.95999999999998,0.183847
159.44,0.18336
159.92000000000002,0.18336
160.4,0.182549
160.88,0.18210199999999999
161.35999999999999,0.18129
161.83999999999997,0.18011300000000002
162.32000000000002,0.179545
162.8,0.179789
163.28,0.180032
163.76,0.179261
164.23999999999998,0.17840899999999998
164.72,0.179017
165.20000000000002,0.178043
165.68,0.177556
166.16,0.17832699999999999
166.64,0.177353
167.12,0.176826
167.6,0.176623
168.08,0.175973
168.56,0.175121
169.04,0.175567
169.51999999999998,0.174147
170.0,0.173538
170.48000000000002,0.173782
170.96,0.173213
171.44,0.17301
171.92,0.172077
172.4,0.172604
172.88,0.171549
173.36,0.171752
173.84,0.171224
174.32,0.17077799999999999
174.8,0.17021
175.28,0.169601
175.76,0.169439
176.24,0.16891099999999998
176.72,0.16980399999999998
177.20000000000002,0.16858599999999999
177.68,0.168464
178.16,0.168464
178.64,0.167734
179.12,0.16745
179.6,0.16781500000000002
180.08,0.166963
180.56,0.167044
181.04,0.16558299999999998
181.51999999999998,0.16586700000000001
182.0,0.165745
182.48000000000002,0.165664
182.96,0.165177
183.44,0.164974
183.92,0.164243
184.39999999999998,0.163675
184.88000000000002,0.163675
185.36,0.16322899999999999
185.84,0.163107
186.32,0.162741
186.79999999999998,0.162944
187.28,0.162173
187.76000000000002,0.162011
188.24,0.161767
188.72,0.160469
189.2,0.160915
189.67999999999998,0.160753
190.16,0.160347
190.64000000000001,0.15973800000000002
191.12,0.159413
191.6,0.15917
192.07999999999998,0.159048
192.56,0.158358
193.04,0.158926
193.52,0.15783
194.0,0.157668
194.48,0.157343
194.96,0.155882
195.44,0.156694
195.92,0.155801
196.4,0.15641
196.88,0.155354
197.36,0.156085
197.84,0.15503
198.32,0.155354
198.8,0.15478599999999998
199.28,0.154299
199.76,0.15434
200.24,0.153528
200.72,0.15316300000000002
201.2,0.153366
201.68,0.153528
202.16,0.153122
202.64000000000001,0.152757
203.12,0.15227000000000002
203.6,0.15198599999999998
204.07999999999998,0.152148
204.56,0.152473
205.04000000000002,0.151336
205.52,0.151093
206.0,0.150159
206.48,0.150809
206.95999999999998,0.15093
207.44,0.151052
207.92000000000002,0.1502
208.4,0.149631
208.88,0.14938800000000002
209.35999999999999,0.149875
209.83999999999997,0.14894100000000002
210.32000000000002,0.149672
210.8,0.149631
211.28,0.148048
211.76,0.147886
212.23999999999998,0.148008
212.72,0.146506
213.20000000000002,0.147115
213.68,0.146831
214.16,0.14679
214.64,0.1461
215.12,0.14569400000000002
215.6,0.145451
216.08,0.145573
216.56,0.144558
217.04,0.144314
217.52,0.144233
218.0,0.143949
218.48,0.144071
218.96,0.143584
219.44,0.143218
219.92,0.142894
220.4,0.14338099999999998
220.88,0.142691
221.35999999999999,0.142569
221.84,0.14334000000000002
222.32,0.142163
222.8,0.14196
223.28,0.14139200000000002
223.76,0.141676
224.24,0.140783
224.72,0.141595
225.20000000000002,0.14192000000000002
225.68,0.141717
226.16,0.140743
226.64,0.140702
227.12,0.14086400000000002
227.6,0.139484
228.08,0.139119
228.56,0.139566
229.04,0.139444
229.51999999999998,0.13851
230.0,0.138754
230.48000000000002,0.13830699999999999
230.96,0.13830699999999999
231.44,0.13806400000000002
231.92,0.137901
232.39999999999998,0.13814500000000002
232.88000000000002,0.137577
233.36,0.13713
233.84,0.136197
234.32,0.13635899999999998
234.79999999999998,0.135628
235.28,0.135953
235.76000000000002,0.135547
236.24,0.135669
236.72,0.135507
237.2,0.135507
237.68,0.134938
238.16,0.134046
238.64000000000001,0.133802
239.12,0.134046
239.6,0.13339600000000001
240.07999999999998,0.13347699999999998
240.56,0.133355
241.04,0.13299
241.52,0.13339600000000001
242.0,0.132463
242.48,0.132503
242.96,0.13234100000000001
243.44,0.131813
243.92,0.131935
244.4,0.131326
244.88,0.13148800000000002
245.36,0.13104200000000002
245.84,0.131001
246.32000000000002,0.13051400000000002
246.79999999999998,0.130636
247.28,0.13104200000000002
247.76,0.131326
248.24,0.130839
248.72000000000003,0.13022999999999998
249.2,0.129987
249.68,0.13006800000000002
250.15999999999997,0.129824
250.64000000000001,0.129987
251.11999999999998,0.12901300000000002
251.6,0.12933699999999998
252.08,0.12933699999999998
252.55999999999997,0.129581
253.04000000000002,0.12933699999999998
253.51999999999998,0.128038
254.0,0.128607
254.48000000000002,0.128079
254.95999999999998,0.129175
255.44000000000003,0.12868800000000002
255.92,0.128728
256.4,0.12880999999999998
256.88,0.128201
257.36,0.127592
257.84000000000003,0.127348
258.32,0.12678
258.8,0.12678
259.28,0.126212
259.76,0.125278
260.24,0.125644
260.71999999999997,0.1254
261.2,0.127105
261.68,0.126861
262.16,0.12600899999999998
262.64000000000004,0.125684
263.12,0.1254
263.6,0.125075
264.08,0.12470999999999999
264.56,0.12467
265.03999999999996,0.124426
265.52,0.12418299999999999
266.0,0.12361400000000002
266.47999999999996,0.12397999999999999
266.96000000000004,0.12418299999999999
267.44,0.12434500000000001
267.92,0.12434500000000001
268.40000000000003,0.123168
268.88,0.122803
269.36,0.12243699999999999
269.84,0.122721
270.32,0.12211300000000001
270.79999999999995,0.12190999999999999
271.28,0.122234
271.76,0.121504
272.24,0.12101700000000001
272.72,0.12040799999999999
273.2,0.119921
273.68,0.119637
274.16,0.11996099999999998
274.64,0.119921
275.12,0.120124
275.59999999999997,0.120367
276.08,0.11967699999999999
276.55999999999995,0.119353
277.04,0.11967699999999999
277.52000000000004,0.11886500000000001
278.0,0.11915
278.48,0.11854100000000001
278.96,0.118378
279.44,0.118094
279.92,0.118378
280.4,0.11854100000000001
280.88,0.118378
281.35999999999996,0.11777
281.84000000000003,0.117648
282.32000000000005,0.117039
282.8,0.11695799999999999
283.28000000000003,0.116877
283.76,0.116592
284.24,0.11679500000000001
284.71999999999997,0.11639000000000001
285.2,0.1157
285.68,0.116877
286.15999999999997,0.116755
286.64,0.116146
287.12,0.115659
287.6,0.115578
288.08000000000004,0.11509100000000001
288.56,0.115172
289.04,0.115415
289.52,0.114888
290.0,0.11533399999999999
290.47999999999996,0.1157
290.96,0.114604
291.44,0.114076
291.92,0.11371099999999999
292.40000000000003,0.113873
292.88,0.11346700000000001
293.36,0.11358900000000001
293.84000000000003,0.112899
294.32,0.113061
294.8,0.113264
295.28,0.11338599999999999
295.76,0.113548
296.23999999999995,0.11318299999999999
296.71999999999997,0.112777
297.20000000000005,0.111722
297.68,0.112331
298.16,0.111722
298.64,0.11220899999999999
299.12,0.111275
299.6,0.11123499999999999
300.08,0.11111300000000002
300.56,0.11143800000000001
301.03999999999996,0.111641
301.52,0.111925
302.0,0.11026099999999998
302.48,0.109205
302.96000000000004,0.109895
303.44,0.10969200000000001
303.92,0.109205
304.4,0.10863699999999998
304.88,0.109449
305.36,0.109287
305.84,0.108921
306.32,0.10888099999999999
306.79999999999995,0.109002
307.28000000000003,0.10896199999999999
307.76000000000005,0.1088
308.24,0.10819100000000001
308.72,0.10819100000000001
309.2,0.10831199999999999
309.68,0.10754100000000001
310.15999999999997,0.10701400000000001
310.64,0.106242
311.12,0.106892
311.59999999999997,0.10555199999999999
312.08000000000004,0.10583699999999999
312.56,0.105999
313.04,0.10583699999999999
313.52000000000004,0.105999
314.0,0.105593
314.48,0.10510599999999999
314.96,0.104619
315.44,0.105431
315.91999999999996,0.10583699999999999
316.4,0.10535
316.88,0.10591800000000001
317.36,0.10457799999999999
317.84000000000003,0.105025
318.32,0.105025
318.8,0.10510599999999999
319.28000000000003,0.10400999999999999
319.76,0.103929
320.24,0.10340099999999999
320.71999999999997,0.103645
321.2,0.10429400000000001
321.67999999999995,0.10413199999999999
322.16,0.104091
322.64000000000004,0.104619
323.12,0.10400999999999999
323.6,0.104091
324.08,0.10400999999999999
324.56,0.103564
325.04,0.102671
325.52,0.102752
326.0,0.102833
326.47999999999996,0.102224
326.96,0.10250799999999999
327.44,0.102914
327.92,0.10198099999999999
328.40000000000003,0.10129099999999999
328.88,0.102021
329.36,0.100722
329.84,0.100722
330.32,0.100885
330.8,0.10068200000000001
331.28,0.09978889999999999
331.76,0.100357
332.24,0.10031699999999999
332.72,0.100438
333.2,0.100357
333.68,0.100235
334.16,0.100722
334.64,0.10052
335.12,0.09926130000000001
335.59999999999997,0.100114
336.08,0.09966710000000001
336.56,0.09978889999999999
337.03999999999996,0.099383
337.52000000000004,0.09942360000000001
338.0,0.0984495
338.48,0.09918010000000001
338.96000000000004,0.09974830000000001
339.44,0.0990177
339.92,0.0982466
340.4,0.0981248
340.88,0.0977595
341.35999999999996,0.0980842
341.84,0.0977595
342.32,0.0976783
342.8,0.09780010000000001
343.28000000000003,0.0978813
343.76,0.0977189
344.24,0.09735360000000001
344.72,0.09751599999999999
345.2,0.09715069999999999
345.68,0.0970289
346.15999999999997,0.0967854
346.64,0.0968665
347.11999999999995,0.0962983
347.6,0.0970695
348.08000000000004,0.0955677
348.56,0.0960548
349.04,0.0958112
349.52,0.0956895
350.0,0.0958112
350.48,0.0959736
350.96,0.0955271
351.44,0.0954865
351.91999999999996,0.0944312
352.40000000000003,0.0947965
352.88,0.0941471
353.36,0.0945124
353.84000000000003,0.0933354
354.32,0.0942689
354.8,0.093863
355.28,0.0942283
355.76,0.0939036
356.24,0.0934571
356.71999999999997,0.0940659
357.2,0.0928889
357.68,0.0933354
358.16,0.0937007
358.64,0.0932542
359.12,0.0928889
359.6,0.0926048
360.08,0.09284830000000001
360.56,0.09268589999999999
361.03999999999996,0.0930918
361.52,0.09280769999999999
362.0,0.09195539999999999
362.48,0.0924018
362.96000000000004,0.0927671
363.44,0.09142769999999999
363.92,0.0922395
364.40000000000003,0.0921177
364.88,0.0922395
365.36,0.09138710000000001
365.84,0.0912654
366.32,0.0906971
366.79999999999995,0.09025060000000001
367.28,0.09037239999999999
367.76000000000005,0.0898853
368.24,0.090413
368.72,0.0905753
369.2,0.0901289
369.68,0.09025060000000001
370.16,0.0900071
370.64,0.0891548
371.12,0.08947949999999999
371.59999999999997,0.089033
372.08,0.0889924
372.56,0.08919529999999999
373.04,0.0892765
373.52000000000004,0.0893983
374.0,0.08911419999999999
374.48,0.0893983
374.96,0.0886677
375.44,0.0881806
375.92,0.0882618
376.4,0.0878559
376.88,0.0875718
377.35999999999996,0.0880995
377.84000000000003,0.08676
378.32,0.0870442
378.8,0.0872877
379.28000000000003,0.0872471
379.76,0.0877747
380.24,0.0877747
380.71999999999997,0.0872877
381.2,0.0870036
381.68,0.0870847
382.15999999999997,0.0864759
382.64000000000004,0.0857453
383.12,0.0854612
383.6,0.0864759
384.08,0.0863136
384.56,0.08602939999999999
385.04,0.08570470000000001
385.52,0.0856642
386.0,0.08521770000000001
386.47999999999996,0.084893
386.96,0.084203
387.44,0.084893
387.92,0.084893
388.40000000000003,0.0845277
388.88,0.0845277
389.36,0.0850553
389.84,0.0843653
390.32,0.08416239999999998
390.8,0.08469
391.28,0.08440589999999999
391.76,0.08286360000000001
392.23999999999995,0.0831883
392.72,0.08221410000000001
393.20000000000005,0.08262
393.68,0.0827418
394.16,0.08286360000000001
394.64,0.08270119999999999
395.12,0.0824577
395.6,0.08331000000000001
396.08,0.08188939999999999
396.56,0.08205180000000001
397.03999999999996,0.0818488
397.52,0.08156469999999999
398.0,0.0818488
398.48,0.08075299999999999
398.96000000000004,0.08136180000000001
399.44,0.0809559
399.92,0.08107769999999999
400.4,0.0806718
400.88,0.0808341
401.36,0.0809559
401.84,0.07998179999999999
402.32,0.0802659
402.8,0.07998179999999999
403.28000000000003,0.07994119999999999
403.76,0.0792918
404.24,0.0793324
404.72,0.0792918
405.2,0.07957589999999999
405.68,0.07957589999999999
406.15999999999997,0.0792918
406.64,0.0795353
407.12,0.0792918
407.59999999999997,0.0786424
408.08000000000004,0.0791294
408.56,0.0782365
409.04,0.0783177
409.52,0.0787235
410.0,0.07965710000000001
410.48,0.0789671
410.96,0.0787641
411.44,0.0795353
411.91999999999996,0.0786018
412.4,0.0778306
412.88,0.0781553
413.36,0.07779
413.84000000000003,0.0773029
414.32,0.0781553
414.8,0.0772624
415.28,0.07807410000000001
415.76,0.0778306
416.24,0.0777494
416.71999999999997,0.0767347
417.2,0.0773435
417.67999999999995,0.0773841
418.16,0.0766941
418.64000000000004,0.0762071
419.12,0.0769782
419.6,0.0762071
420.08,0.07636939999999999
420.56,0.0765724
421.04,0.0762477
421.52,0.0758012
422.0,0.07641
422.47999999999996,0.0768971
422.96000000000004,0.0767753
423.44,0.0762477
423.92,0.0756388
424.40000000000003,0.07636939999999999
424.88,0.0762882
425.36,0.0753953
425.84,0.0755576
426.32,0.07543589999999999
426.8,0.0754765
427.28,0.07559819999999999
427.76,0.0760041
428.24,0.07576060000000001
428.72,0.07446180000000001
429.2,0.07503
429.68,0.0747865
430.16,0.0747865
430.64,0.07474589999999999
431.12,0.07348760000000001
431.59999999999997,0.0750706
432.08,0.07462410000000001
432.56,0.07429939999999999
433.04,0.07442119999999999
433.52000000000004,0.07543589999999999
434.0,0.07450230000000001
434.48,0.0738935
434.96,0.07352819999999999
435.44,0.0726353
435.92,0.0726353
436.4,0.07247289999999999
436.88,0.0730818
437.35999999999996,0.0731223
437.84,0.0721888
438.32000000000005,0.0729194
438.8,0.07231060000000002
439.28000000000003,0.0730818
439.76,0.0726353
440.24,0.0723918
440.71999999999997,0.07227
441.2,0.07227
441.68,0.0721482
442.15999999999997,0.07157999999999999
442.64,0.0719047
443.12,0.0717829
443.6,0.07153939999999999
444.08000000000004,0.0712959
444.56,0.0712553
445.04,0.0706465
445.52,0.0710929
446.0,0.0703623
446.48,0.070687
446.96,0.0704841
447.44,0.070687
447.91999999999996,0.069997
448.40000000000003,0.0697941
448.88,0.0706059
449.36,0.07093060000000001
449.84000000000003,0.0702812
450.32,0.0690635
450.8,0.06886060000000001
451.28,0.0695506
451.76,0.0699565
452.24,0.0696317
452.71999999999997,0.0697941
453.2,0.0693882
453.68,0.06886060000000001
454.16,0.0690635
454.64,0.0691853
455.12,0.0689417
455.6,0.0676023
456.08,0.068617
456.56,0.0678053
457.03999999999996,0.0661817
457.52,0.0672776
458.0,0.0670341
458.48,0.06691230000000001
458.96000000000004,0.0666688
459.44,0.0659788
459.92,0.06622230000000001
460.4,0.0666688
460.88,0.065857
461.36,0.06573530000000001
461.84,0.0654511
462.32,0.0653294
462.79999999999995,0.0650453
463.28000000000003,0.0649641
463.76000000000005,0.06431469999999999
464.24,0.0642741
464.72,0.06528880000000001
465.2,0.0647611
465.68,0.0641929
466.15999999999997,0.0652076
466.64,0.06370579999999999
467.12,0.0645176
467.59999999999997,0.0645176
468.08,0.0632188
468.56,0.0632188
469.04,0.0642335
469.52000000000004,0.0620823
470.0,0.06289410000000001
470.48,0.06289410000000001
470.96,0.0630158
471.44,0.0626505
471.91999999999996,0.0633405
472.4,0.0623258
472.88,0.06204169999999999
473.36,0.0622852
473.84000000000003,0.0621635
474.32,0.0620823
474.8,0.0621229
475.28000000000003,0.061716999999999994
475.76,0.062001099999999996
476.24,0.0613923
476.71999999999997,0.06192
477.2,0.062001099999999996
477.68,0.061432900000000006
478.15999999999997,0.06220409999999999
478.64000000000004,0.06192
479.12,0.0617982
479.6,0.062366399999999995
480.08,0.0615952
480.56,0.06204169999999999
481.04,0.0617982
481.52,0.0619605
482.0,0.060864699999999994
482.47999999999996,0.0611894
482.96,0.061351699999999995
483.44,0.0605399
483.92,0.060864699999999994
484.40000000000003,0.060337
484.88,0.061027
485.36,0.0608241
485.84,0.0604994
486.32,0.061351699999999995
486.8,0.060864699999999994
487.28,0.0609864
487.76,0.060742899999999996
488.23999999999995,0.0612299
488.72,0.0603776
489.20000000000005,0.0594846
489.68,0.0604182
490.16,0.0599311
490.64000000000004,0.0607023
491.12,0.0604182
491.59999999999997,0.060012300000000005
492.08000000000004,0.0601341
492.56,0.0596876
493.03999999999996,0.0587541
493.52,0.05924109999999999
494.00000000000006,0.0589976
494.48,0.058957
494.96,0.0594441
495.44000000000005,0.0595658
495.92,0.0593629
496.4,0.0587135
496.87999999999994,0.0590788
497.36,0.058267
497.84,0.0581858
498.31999999999994,0.0587135
498.80000000000007,0.0592817
499.28000000000003,0.0588352
499.76,0.0595658
500.23999999999995,0.0594846
500.72,0.058957
501.2,0.0591599
501.67999999999995,0.058957
502.16,0.059200499999999996
502.64,0.0592817
503.11999999999995,0.0594441
503.6,0.058348199999999996
504.08000000000004,0.058551099999999995
504.56,0.0591599
505.03999999999996,0.0590788
505.52000000000004,0.05932230000000001
506.0,0.059809400000000006
506.47999999999996,0.05932230000000001
506.96000000000004,0.058875800000000006
507.44,0.0587541
507.91999999999996,0.0586323
508.4,0.0587541
508.88000000000005,0.058875800000000006
509.36,0.0587541
509.84,0.0586323
510.32000000000005,0.0583076
510.8,0.0594035
511.28,0.0588352
511.76000000000005,0.0589164
512.24,0.058348199999999996
512.72,0.059728199999999995
513.1999999999999,0.059200499999999996
513.6800000000001,0.0589976
514.16,0.0588352
514.64,0.0586323
515.12,0.0580235
515.6,0.0581452
516.0799999999999,0.0583076
516.56,0.058469900000000005
517.0400000000001,0.0587541
517.52,0.058875800000000006
518.0,0.0580235
518.48,0.0577393
518.96,0.057576999999999996
519.4399999999999,0.0571711
519.92,0.0570899
520.4,0.057779899999999995
520.88,0.05790169999999999
521.36,0.057576999999999996
521.84,0.057982900000000004
522.32,0.057414599999999996
522.8,0.056481100000000006
523.2800000000001,0.05635930000000001
523.76,0.056481100000000006
524.24,0.0577393
524.7199999999999,0.056481100000000006
525.2,0.0572929
525.68,0.0565217
526.16,0.0566029
526.6400000000001,0.0563188
527.12,0.0563188
527.6,0.057576999999999996
528.0799999999999,0.056765199999999995
528.5600000000001,0.056927599999999995
529.04,0.0562376
529.52,0.0557505
530.0,0.05550700000000001
530.48,0.0558317
530.9599999999999,0.055425800000000004
531.44,0.0557505
531.9200000000001,0.055425800000000004
532.4,0.0555476
532.88,0.0558317
533.36,0.055141699999999995
533.84,0.05473580000000001
534.3199999999999,0.054613999999999996
534.8000000000001,0.0549793
535.28,0.05445169999999999
535.76,0.054573500000000004
536.24,0.05473580000000001
536.72,0.053964599999999995
537.2,0.054898199999999994
537.68,0.0544923
538.1600000000001,0.05453290000000001
538.64,0.0544923
539.12,0.0548576
539.5999999999999,0.0544111
540.08,0.0544111
540.56,0.0535587
541.04,0.052909300000000006
541.52,0.05368049999999999
542.0,0.052909300000000006
542.48,0.053396400000000004
542.96,0.052909300000000006
543.44,0.0530717
543.92,0.05282819999999999
544.4,0.052909300000000006
544.88,0.052422300000000005
545.36,0.052259900000000005
545.8399999999999,0.052706399999999994
546.32,0.052219299999999996
546.8000000000001,0.0519352
547.28,0.0531529
547.76,0.0525846
548.24,0.0526252
548.72,0.05254400000000001
549.1999999999999,0.052341099999999995
549.6800000000001,0.0519352
550.16,0.052706399999999994
550.64,0.0515293
551.1199999999999,0.05282819999999999
551.6,0.0527876
552.08,0.051854
552.56,0.0525846
553.0400000000001,0.051610500000000004
553.52,0.051854
554.0,0.051732299999999995
554.48,0.052057000000000006
554.96,0.051854
555.4399999999999,0.0520976
555.92,0.0520976
556.4,0.05169169999999999
556.88,0.05148869999999999
557.36,0.05148869999999999
557.84,0.051772900000000004
558.32,0.05169169999999999
558.8,0.051204599999999996
559.28,0.0512452
559.76,0.050311699999999994
560.24,0.050311699999999994
560.7199999999999,0.050879900000000006
561.2,0.0510423
561.6800000000001,0.0516511
562.16,0.0512452
562.6400000000001,0.0505958
563.12,0.050636400000000005
563.6,0.050758099999999994
564.0799999999999,0.0497029
564.5600000000001,0.0496217
565.04,0.049337599999999995
565.52,0.049662300000000006
566.0,0.049662300000000006
566.48,0.0501899
